bloco_id,text,option_a,option_b,option_c,option_d,correct_answer,difficulty,explanation
conhecimentos_tecnicos,Os motores a pistão utilizados na maioria das aeronaves leves de treinamento operam segundo o ciclo térmico de:,Diesel,Otto (quatro tempos),Brayton,Rankine,1,easy,"Os motores aeronáuticos a pistão tradicionais operam segundo o ciclo Otto, que possui quatro tempos teóricos: admissão, compressão, combustão (expansão) e escapamento."
conhecimentos_tecnicos,"Quais são as fases (tempos) do ciclo Otto em um motor a pistão, em ordem sequencial?","Admissão, expansão, compressão e escapamento","Compressão, admissão, expansão e escapamento","Admissão, compressão, combustão/expansão e escapamento","Admissão, ignição, combustão e escapamento",2,easy,"A sequência correta dos quatro tempos do ciclo Otto é: Admissão (mistura ar/combustível entra), Compressão (mistura é comprimida), Combustão/Expansão (mistura queima e empurra o pistão) e Escapamento (gases queimados são expulsos)."
conhecimentos_tecnicos,"No tempo de compressão de um motor a pistão de quatro tempos, as válvulas encontram-se:",Ambas abertas,Válvula de admissão aberta e de escapamento fechada,Ambas fechadas,Válvula de admissão fechada e de escapamento aberta,2,medium,"Durante a compressão, tanto a válvula de admissão quanto a de escapamento devem estar fechadas para garantir a vedação do cilindro e permitir que a mistura ar-combustível seja devidamente comprimida pelo pistão que sobe."
conhecimentos_tecnicos,"Em um motor de quatro tempos, o virabrequim (eixo de manivelas) dá quantas voltas completas para completar um ciclo operacional em um cilindro?",Uma volta,Duas voltas,Quatro voltas,Meia volta,1,medium,"Cada tempo (curso do pistão) corresponde a meia volta (180°) do eixo de manivelas. Logo, 4 tempos equivalem a 2 voltas completas (720°) do eixo de manivelas."
conhecimentos_tecnicos,O cruzamento de válvulas (valve overlap) em um motor a pistão ocorre quando:,Ambas as válvulas permanecem abertas no final do escapamento e início da admissão,Ambas as válvulas se fecham durante a compressão,Uma válvula abre enquanto a outra quebra,A válvula de admissão abre no final da compressão,0,medium,"O cruzamento de válvulas é o período em que tanto a válvula de admissão quanto a de escapamento estão abertas simultaneamente, ocorrendo no final do tempo de escapamento e no início do tempo de admissão, melhorando a limpeza do cilindro e a eficiência volumétrica."
conhecimentos_tecnicos,A cilindrada de um motor a pistão é definida como:,O volume da câmara de combustão,O volume deslocado pelo pistão em um cilindro multiplicado pelo número total de cilindros,A capacidade de combustível do cárter,A taxa de compressão do motor,1,easy,"Cilindrada é o volume de ar (ou mistura) deslocado pelo movimento do pistão do Ponto Morto Inferior (PMI) ao Ponto Morto Superior (PMS), multiplicado pelo número de cilindros do motor."
conhecimentos_tecnicos,O componente do motor responsável por transformar o movimento retilíneo alternativo do pistão em movimento rotativo é o:,Eixo de cames (eixo de comando de válvulas),Biela,Eixo de manivelas (virabrequim),Pino do pistão,2,easy,"O eixo de manivelas, em conjunto com a biela, converte o movimento retilíneo alternativo do pistão em movimento circular (rotativo) para girar a hélice."
conhecimentos_tecnicos,A biela conecta o pistão ao:,Eixo de comando de válvulas,Cilindro,Eixo de manivelas (virabrequim),Cárter,2,easy,"A biela é a haste de ligação que transmite a força de expansão dos gases, do pistão para o eixo de manivelas."
conhecimentos_tecnicos,Os anéis de segmento instalados nos pistões têm como principais funções:,Lubrificar a biela e resfriar o eixo de manivelas,"Vedar a câmara de combustão, raspar o excesso de óleo e transferir calor do pistão para a parede do cilindro",Sustentar o pino do pistão e aumentar o curso do cilindro,Diminuir a taxa de compressão do motor,1,medium,"Os anéis de compressão vedam a pressão da combustão, enquanto os anéis raspadores controlam o filme de óleo. Além disso, todos ajudam na transferência de calor do pistão para o cilindro."
conhecimentos_tecnicos,"Em um motor aeronáutico com cilindros opostos horizontalmente (ex: Boxer), o cárter tem a função principal de:",Garantir a combustão da mistura,Armazenar as velas de ignição,"Acondicionar o eixo de manivelas e, na maioria dos casos, servir de reservatório principal de óleo lubrificante (cárter úmido)",Gerar o vácuo para os instrumentos,2,easy,"O cárter é o corpo principal do motor que aloja o eixo de manivelas e seus mancais. Nos motores de cárter úmido, ele também é o reservatório de óleo lubrificante."
conhecimentos_tecnicos,A folga (clearance) térmica das válvulas de um motor a pistão é importante porque:,Permite que as válvulas dilatem com o calor sem ficarem presas (vazadas) durante o funcionamento do motor,Aumenta a compressão do motor quando frio,Reduz o consumo de combustível em marcha lenta,Acelera a ignição da vela,0,medium,"Os componentes metálicos se expandem com o calor. A folga garante que, mesmo aquecidas e dilatadas, as válvulas assentem perfeitamente em suas sedes, evitando perda de compressão."
conhecimentos_tecnicos,Detonação em um motor a pistão pode ser descrita como:,A queima suave e progressiva da mistura ar-combustível,Ocorrência de inflamação da mistura antes do centelhamento da vela,"A explosão súbita e violenta do final da carga da mistura ar-combustível, após o início da queima normal",A queima de óleo lubrificante dentro do cilindro,2,hard,"A detonação ocorre quando a porção final da mistura ar-combustível (end gas) atinge temperatura e pressão críticas e explode instantaneamente (queima descontrolada), gerando picos de pressão perigosos."
conhecimentos_tecnicos,A pré-ignição difere da detonação porque:,A pré-ignição ocorre após a centelha da vela,"A pré-ignição é o início da combustão antes do momento em que a vela lança a centelha, gerada por um ponto quente na câmara",A pré-ignição é normal em regimes de alta potência,A pré-ignição é resolvida usando combustível de menor octanagem,1,hard,A pré-ignição é causada por depósitos de carvão incandescentes ou eletrodos de vela muito quentes que inflamam a mistura antes do instante planejado da ignição pela vela.
conhecimentos_tecnicos,"Para evitar a detonação durante operações de alta potência (como a decolagem), o piloto deve:",Utilizar mistura rica e garantir arrefecimento adequado do motor,Empobrecer a mistura ao máximo,Reduzir a rotação e fechar os flapes de arrefecimento (cowl flaps),Utilizar combustível de menor octanagem,0,medium,"Mistura rica fornece excesso de combustível, cujo resfriamento por evaporação ajuda a abaixar as temperaturas do cilindro, afastando a ocorrência de detonação em alta potência."
conhecimentos_tecnicos,A principal vantagem dos sistemas de dupla ignição (duas velas e dois magnetos independentes por cilindro) em motores aeronáuticos é:,Aumentar a economia de combustível,Aumentar a confiabilidade (segurança) e melhorar a eficiência da queima da mistura (duas frentes de chama),Permitir o uso de combustível automotivo,Facilitar a partida com bateria descarregada,1,easy,"A dupla ignição traz dois benefícios maiores: segurança (se um magneto falhar, o outro mantém o motor rodando) e melhor combustão, já que duas centelhas iniciam frentes de chama simultâneas."
conhecimentos_tecnicos,O que é um magneto em uma aeronave?,Um gerador de corrente elétrica que recarrega a bateria da aeronave,Um sensor de campo magnético usado para a bússola,"Um gerador elétrico independente, acionado pelo motor, que gera alta voltagem para as velas de ignição",O motor de arranque da aeronave,2,easy,"O magneto é uma unidade autônoma geradora de alta tensão para a ignição. Sendo acionado pelo eixo do próprio motor, não depende da bateria ou do alternador para fornecer centelha às velas."
conhecimentos_tecnicos,"Se você desligar a chave Master (bateria/alternador) em voo, o que acontecerá com o motor a pistão convencional da aeronave?",O motor vai parar imediatamente por falta de centelha,O motor perderá potência progressivamente,"O motor continuará funcionando normalmente, pois os magnetos são independentes do sistema elétrico da aeronave",A mistura ar-combustível ficará super rica,2,medium,"Os magnetos são dispositivos mecânicos geradores da própria energia elétrica, independentes do sistema elétrico principal (bateria e alternador). O motor continuará gerando centelha normalmente."
conhecimentos_tecnicos,"No teste de magnetos (checagem de motor antes da decolagem), ao desligar um dos magnetos (chave em L ou R), o que se deve observar normalmente no RPM?",Aumento de 100 RPM,Nenhuma alteração de RPM,Uma pequena queda na RPM dentro dos limites especificados pelo fabricante,O motor deve apagar,2,medium,"Operando em apenas um magneto, há somente uma frente de chama no cilindro (uma vela centelhando), resultando numa queima ligeiramente menos eficiente, o que causa uma leve e prevista queda de RPM (normalmente entre 50 e 150 RPM)."
conhecimentos_tecnicos,A finalidade básica do carburador em um motor a pistão é:,Filtrar as impurezas do combustível,Aumentar a octanagem do combustível antes de enviá-lo ao cilindro,Dosar e misturar adequadamente o combustível e o ar nas proporções corretas para a combustão,Atomizar o óleo lubrificante no cárter,2,easy,"O carburador é responsável por medir o fluxo de ar que entra no motor e pulverizar a quantidade exata de combustível correspondente, formando a mistura ar-combustível necessária."
conhecimentos_tecnicos,"No tubo de venturi do carburador, o que ocorre com o ar admitido?",A velocidade aumenta e a pressão aumenta,A velocidade diminui e a pressão diminui,A velocidade aumenta e a pressão diminui,A velocidade diminui e a temperatura aumenta exponencialmente,2,medium,"De acordo com o Princípio de Bernoulli, quando o ar passa pelo estreitamento (venturi) do carburador, sua velocidade aumenta e, consequentemente, sua pressão estática diminui, criando a sucção que puxa o combustível do pulverizador."
conhecimentos_tecnicos,Qual é o indício mais comum de formação de gelo no carburador em aeronaves com motor de passo fixo?,Elevação da temperatura do óleo,Uma queda progressiva e contínua das RPM do motor,Aumento súbito da pressão de admissão (MAP),Detonação severa em todos os cilindros,1,medium,"O gelo no carburador restringe o fluxo de mistura para os cilindros. Em aviões com hélice de passo fixo, o primeiro indício é uma queda gradual, lenta e inexplicável das RPM, acompanhada por funcionamento irregular do motor."
conhecimentos_tecnicos,"Ao aplicar o aquecimento do carburador (carburetor heat) na presença de gelo, o que se observa incialmente e em seguida nos instrumentos de um avião com hélice de passo fixo?",Aumento inicial de RPM e subsequente queda constante,Queda inicial de RPM (ar mais quente e menos denso entra) seguida por aumento de RPM à medida que o gelo derrete,As RPM se estabilizam imediatamente no máximo de decolagem,"Não há qualquer alteração no RPM, apenas no manômetro de óleo",1,hard,"Ao aplicar ar quente (menos denso) a mistura se enriquece, causando queda imediata da RPM. Se houver gelo, ele derreterá, abrindo o fluxo de admissão, o que causará o aumento subsequente e a estabilização do RPM."
conhecimentos_tecnicos,A formação de gelo no carburador é mais provável sob quais condições meteorológicas?,Apenas em temperaturas abaixo de zero com chuva visível,"Em temperaturas entre -5°C e +30°C, havendo alta umidade relativa do ar",Apenas em grandes altitudes onde o ar é rarefeito,"Em dias extremamente quentes e secos, sem nenhuma umidade",1,medium,O gelo no carburador pode se formar em temperaturas externas bastante confortáveis (até 30°C) devido ao brusco resfriamento no tubo de venturi (expansão de ar e evaporação de combustível). Alta umidade é o principal fator de risco.
conhecimentos_tecnicos,O uso prolongado e desnecessário do aquecimento do carburador durante o cruzeiro resultará em:,Aumento da eficiência do motor e economia de combustível,Uma mistura empobrecida e risco de apagamento,"Perda de potência contínua, pois ar quente é menos denso, e aumento de temperatura interna do motor",Limpeza automática das velas de ignição,2,medium,"O aquecimento do carburador injeta ar não-filtrado e muito quente. O ar quente, por ser menos denso, enriquece excessivamente a mistura e diminui a potência do motor. Além disso, usar perto do solo pode introduzir poeira."
conhecimentos_tecnicos,Para que serve o controle de mistura manual na cabine?,Para alterar a viscosidade do óleo,Para aquecer o combustível antes da injeção,Para ajustar a proporção da mistura ar-combustível conforme a diminuição da densidade do ar em altitude,Para adicionar água à mistura em emergências,2,easy,"À medida que a aeronave sobe, a densidade do ar diminui. Se a injeção de combustível fosse mantida constante, a mistura ficaria excessivamente rica. O controle de mistura permite empobrecer (diminuir) o fluxo de combustível para compensar o ar rarefeito."
conhecimentos_tecnicos,"O que significa voar com uma mistura ""rica""?",Que há muito ar para pouco combustível,Que a proporção combustível em relação ao ar é maior que o ideal (excesso de combustível),Que o combustível possui alto teor de octanas,Que se está utilizando o aquecimento do carburador ao máximo,1,easy,"Uma mistura ""rica"" possui excesso de combustível. É usada em marcha lenta e regimes de alta potência (decolagem e subida) para auxílio no arrefecimento."
conhecimentos_tecnicos,"Em que regime de operação do voo é estritamente necessário que a mistura esteja totalmente ""rica"" (FULL RICH)?",Durante voo de cruzeiro prolongado em alta altitude,Durante o táxi e espera prolongada no solo com motor aquecido,Durante a decolagem e subidas com alta potência,Durante descidas prolongadas para resfriamento,2,medium,"Em alta potência, os cilindros esquentam muito. A mistura totalmente rica (FULL RICH) provem combustível em excesso, cuja evaporação auxilia na refrigeração dos cilindros, prevenindo a detonação."
conhecimentos_tecnicos,O índice antidetonante (octanagem) de um combustível aeronáutico indica:,A energia calorífica que o combustível é capaz de liberar,Sua resistência à detonação (capacidade de resistir a altas pressões e temperaturas sem autoignição),Seu peso específico em comparação com a água,A sua viscosidade em baixas temperaturas,1,easy,"A octanagem representa o poder antidetonante da gasolina. Quanto maior o índice, maior a resistência do combustível à autoignição, o que permite maiores taxas de compressão sem ocorrer detonação."
conhecimentos_tecnicos,"Se o manual da aeronave estipula o uso de combustível de grau 80/87 e apenas graus superiores estiverem disponíveis (ex: 100LL), qual a atitude correta?","Não voar, sob risco de explosão do motor","Pode-se usar o combustível de grau imediatamente superior (100LL) sem maiores problemas, embora possa causar acumulo de chumbo nas velas a longo prazo",Deve-se usar combustível de carro com octanagem equivalente para não estragar o motor,Misturar o grau 100LL com água destilada,1,medium,"A regra é: sempre que a gasolina recomendada não estiver disponível, deve-se usar a de octanagem imediatamente superior. O uso de gasolina de octanagem menor pode causar detonação destrutiva."
conhecimentos_tecnicos,Qual o tipo de combustível aeronáutico (AVGAS) que possui cor azul?,AVGAS 80/87,AVGAS 100/130,AVGAS 100LL (Low Lead),Querosene de aviação (Jet-A1),2,easy,A gasolina aeronáutica (AVGAS) 100LL é tingida de azul. Já a 80/87 era vermelha e a 100/130 era verde. O JET-A1 (para turbinas) é incolor ou levemente amarelado.
conhecimentos_tecnicos,"A finalidade da bomba auxiliar (Boost Pump) elétrica de combustível, geralmente usada antes da partida e decolagens/pousos em aviões de asa baixa, é:",Gerar vácuo para os instrumentos giroscópicos,"Fornecer combustível sob pressão ao motor no caso de falha da bomba mecânica impulsionada pelo motor, e auxiliar na pressurização do sistema",Puxar ar quente para o carburador,Misturar óleo lubrificante ao combustível para motores 2 tempos,1,medium,"Em aeronaves com asa baixa (onde a gravidade não é suficiente), a bomba mecânica do motor puxa o combustível. A boost pump elétrica serve de backup e previne formação de bolhas de vapor na linha (vapor lock) em operações críticas."
conhecimentos_tecnicos,"O dreno de combustível (sump drain), localizado nos pontos mais baixos dos tanques, deve ser acionado preferencialmente antes do primeiro voo do dia para:",Aliviar a pressão acumulada no tanque,Inspecionar a cor do combustível e remover água condensada e impurezas sedimentadas,Medir a quantidade total de combustível a bordo,Lubrificar as guarnições das válvulas de combustível,1,easy,A água é mais pesada que a AVGAS e vai para o fundo do tanque (ponto mais baixo). A drenagem visual remove essa água condensada e outras impurezas.
conhecimentos_tecnicos,Os sistemas de arrefecimento da grande maioria dos motores a pistão de aviões de instrução primária (como Cessnas e Pipers) são arrefecidos a:,Água destilada misturada com aditivo,Óleo lubrificante exclusivo para arrefecimento,Ar direto incidindo sobre as aletas dos cilindros,Ar líquido refrigerado,2,easy,"A grande maioria dos aviões leves possui motores diretamente arrefecidos a ar (air-cooled), o qual flui através das aberturas da capota e passa pelas aletas de arrefecimento fundidas nos cabeçotes dos cilindros."
conhecimentos_tecnicos,Qual das alternativas abaixo é uma medida eficaz em voo para resfriar um motor a pistão arrefecido a ar que esteja operando com temperaturas de cabeça de cilindro muito elevadas?,"Reduzir a velocidade, empobrecer a mistura e puxar manche para trás",Aumentar o ângulo de subida,"Enriquecer a mistura, abrir flapes de arrefecimento (se aplicável), aumentar a velocidade e reduzir a potência",Ligar o aquecimento do carburador imediatamente,2,hard,"Para resfriar o motor a ar, deve-se fazer o ar fluir mais rápido sobre ele (baixar o nariz, aumentar a velocidade indicada), usar a refrigeração do combustível (mistura rica) e diminuir a geração de calor (reduzir potência)."
conhecimentos_tecnicos,O óleo lubrificante de um motor a pistão aeronáutico possui como funções primárias:,Apenas lubrificar as peças para reduzir atrito,"Reduzir atrito, auxiliar no arrefecimento, realizar vedação e limpar o motor internamente",Reduzir atrito e fornecer energia para a hélice de passo fixo,Queimar junto com a mistura para fornecer empuxo extra,1,easy,"O óleo lubrificante tem múltiplos papéis críticos: lubrifica (forma película entre peças móveis reduzindo atrito e desgaste), refrigera (retira calor interno), veda (ajuda anéis de pistão), amortece impacto mecânico e limpa as superfícies (dispersa detritos)."
conhecimentos_tecnicos,A viscosidade de um óleo lubrificante aeronáutico é definida como:,A sua cor ou opacidade,Sua resistência ao escoamento (fluidez),A capacidade de ser dissolvido por água,O seu ponto de fulgor,1,medium,Viscosidade é a medida da fricção interna do fluido ou sua resistência em fluir. Um óleo de alta viscosidade é espesso e lento; um de baixa viscosidade é ralo e flui rápido.
conhecimentos_tecnicos,"Ao dar partida em um motor aeronáutico a frio, o manômetro de pressão de óleo:","Deverá indicar pressão dentro do arco verde num intervalo especificado (ex: 30 segundos); caso contrário, o motor deve ser cortado",Pode permanecer no zero por até 5 minutos enquanto o óleo esquenta,Indicará apenas a quantidade de óleo remanescente,Estará desconectado até o motor atingir 1000 RPM,0,medium,"Se a pressão de óleo não subir após a partida do motor em cerca de 30 segundos (ou tempo definido pelo fabricante), o motor deve ser imediatamente cortado para evitar desgaste e danos catastróficos por falta de lubrificação."
conhecimentos_tecnicos,O sistema elétrico da aeronave é alimentado primariamente em voo normal pelo:,Magneto,Inversor estático,Alternador (ou gerador) movido pelo motor,Bateria,2,easy,"A bateria serve apenas para a partida e como fonte de emergência. Durante o funcionamento normal, é o alternador (girado pelo motor) que fornece eletricidade para os aviônicos, luzes e ainda recarrega a bateria."
conhecimentos_tecnicos,Qual o papel principal do regulador de tensão (voltage regulator) em um sistema elétrico de aeronave leve?,Manter a carga da bateria sempre negativa para dissipar surtos elétricos,"Controlar a saída do alternador/gerador, mantendo a voltagem constante no sistema independentemente da oscilação do RPM do motor",Aumentar a voltagem para as velas de ignição,Fornecer corrente alternada (AC) para os rádios VHF,1,medium,"O regulador de voltagem comanda a excitação do campo do alternador para manter a tensão constante (ex: 14V ou 28V) no barramento elétrico, protegendo equipamentos e a bateria contra sobrecarga mesmo quando o RPM varia."
conhecimentos_tecnicos,"Se o amperímetro de uma aeronave indica valor negativo constante (descarga) durante o voo, isso sinaliza que:",O alternador está carregando a bateria de forma eficiente,O consumo elétrico da aeronave está sendo suprido unicamente pela bateria e o alternador falhou,As luzes de navegação foram queimadas,O magnetos estão roubando carga do sistema principal,1,medium,"Um amperímetro indicando descarga (corrente saindo da bateria) num voo de cruzeiro significa que a carga instalada está puxando energia apenas da bateria (falha de alternador/regulador). Se não corrigido, os elétricos irão parar ao esgotamento da bateria."
conhecimentos_tecnicos,Disjuntores (Circuit Breakers) servem para:,Garantir que a energia chegue primeiro aos rádios e depois à bateria,Ligar o motor de partida,"Proteger o equipamento elétrico ou o cabeamento, abrindo o circuito caso a corrente passe do limite especificado (curto-circuito ou sobrecarga)",Diminuir a amperagem das luzes para não ofuscar na cabine,2,easy,"Eles funcionam como fusíveis reaproveitáveis. Ao detectarem excesso de corrente (que causaria superaquecimento e incêndio nos fios), eles ""desarmam"", cortando a energia do respectivo circuito."
conhecimentos_tecnicos,"Estruturas do tipo ""Semimonocoque"" na fuselagem de aeronaves metálicas se diferenciam de uma estrutura monocoque pura porque:",Possuem estrutura treliçada em tubo de aço por trás de todo o revestimento,Possuem revestimento que não suporta carga,"Possuem cavernas, longarinas e reforçadores (stringers) internos que absorvem os esforços junto com o revestimento metálico",São fabricadas exclusivamente em material composto (fibra de carbono),2,medium,"Na estrutura monocoque (como uma casca de ovo), todo o esforço fica no revestimento. Na semimonocoque, existe uma subestrutura de alumínio (cavernas, anéis e reforçadores longitudinais) que ajuda o revestimento externo a suportar as tensões, permitindo construção leve e muito forte."
conhecimentos_tecnicos,Quais os três eixos imaginários de rotação em torno do Centro de Gravidade (CG) da aeronave?,"Eixo das abscissas, eixo das ordenadas e eixo zeta","Eixo longitudinal, eixo lateral e eixo vertical","Eixo de arfagem, eixo de gravidade e eixo ailerônico","Eixo centrífugo, eixo centrípeto e eixo gravitacional",1,easy,"Os eixos são: Longitudinal (nariz à cauda - movimento de rolagem controlada por ailerons), Lateral (ponta a ponta da asa - arfagem, por profundores) e Vertical (cruza o CG verticalmente - guinada, por leme)."
conhecimentos_tecnicos,O leme de profundidade (elevador) proporciona controle da aeronave em torno de qual eixo?,"Eixo vertical, movimentando o nariz lateralmente","Eixo longitudinal, rolando a aeronave","Eixo lateral, movimentando o nariz para cima ou para baixo (arfagem ou picada)","Eixo oblíquo, causando curva derrapada",2,easy,"O elevador (profundor), localizado na cauda, controla a atitude do nariz para cima e para baixo, que é o movimento rotativo de arfagem (pitch) em torno do eixo lateral ou transversal."
conhecimentos_tecnicos,"Em uma hélice de passo fixo, ""passo"" (pitch) pode ser entendido teoricamente como:",O ângulo de ataque com que o vento bate na cauda da aeronave,A distância que a hélice avançaria para a frente numa revolução completa (360°) caso girasse num meio sólido,O comprimento medido de uma ponta à outra da pá da hélice,A folga admissível do eixo da hélice,1,medium,O passo teórico (ou geométrico) é a distância de avanço que a hélice faria num giro sem escorregamento. A hélice se move no ar semelhante a um parafuso avançando num bloco de madeira.
conhecimentos_tecnicos,"Na maioria das hélices de pás fixas aeronáuticas, qual é a geometria característica da pá?",Ela é totalmente reta do cubo à ponta,Ela possui torção: o ângulo da pá (pitch angle) diminui do cubo em direção à ponta,Ela possui torção inversa: o ângulo da pá aumenta progressivamente até a ponta,O bordo de fuga e o bordo de ataque são simétricos para gerar sustentação reversa,1,hard,"Como a ponta da hélice percorre uma circunferência maior (e, portanto, gira muito mais rápido que a raiz), o ângulo de pá é reduzido progressivamente até a ponta. A torção garante que a sustentação (tração) gerada seja uniforme ao longo de toda a extensão da pá."
conhecimentos_tecnicos,A tração efetiva produzida por uma hélice num voo (avião se movendo pelo ar) é menor que o passo geométrico porque:,O ar cede e ocorre um escorregamento da hélice,O arrasto da fuselagem é nulo em grandes altitudes,O motor produz muita força centrífuga nas pás,As pás estolam acima de 2000 RPM,0,medium,"Como o ar é fluido, a hélice ""escorrega"" enquanto morde o ar. A distância que a hélice realmente avança numa volta chama-se ""Passo Efetivo"". A diferença entre o passo Geométrico e o Efetivo é o ""Recuo"" (Slip)."
conhecimentos_tecnicos,"Um indicador de direção giroscópico (Giro Direcional) sofre pequenos erros devido ao atrito interno e rotação terrestre, esse erro progressivo é conhecido como:",Desvio (Deviation),Variação Magnética (Variation),Precessão (Precession),Inclinação giroscópica (Dip),2,medium,"O Giro Direcional não possui ímãs buscando o norte (portanto não é uma bússola magnética independente). Ele se baseia na rigidez no espaço giroscópica. Contudo, devido à rotação da terra e atrito de rolamentos, ele desloca a marcação original lentamente. Isso é precessão giroscópica, exigindo reajuste contra a bússola magnética a cada 15-20 minutos."
conhecimentos_tecnicos,"O sistema pitot-estático fornece dados de pressão essencialmente para três instrumentos de voo, que são:","Velocímetro, horizonte artificial e altímetro","Altímetro, climb (variômetro ou VSI) e velocímetro","Manômetro de pressão do motor, altímetro e bússola","Coordenador de curvas, giro direcional e VSI",1,easy,O Velocímetro usa tanto a pressão pitot (dinâmica/impacto) quanto a pressão estática. O Altímetro e o Climb (Indicador de Velocidade Vertical - VSI) usam unicamente a tomada de pressão estática.
conhecimentos_tecnicos,"Se o tubo de pitot entupir completamente em voo (incluindo o orifício de dreno), mas a tomada estática estiver desobstruída, qual instrumento apresentará leituras incorretas imediatas ou não-funcionais?",Apenas o altímetro,Apenas o climb (VSI),Apenas o velocímetro,"O velocímetro, altímetro e climb falharão juntos",2,medium,"O tubo de pitot capta unicamente a pressão de impacto do vento relativo, que é vital apenas para calcular a velocidade aerodinâmica. Logo, o altímetro e VSI funcionarão normalmente."
conhecimentos_tecnicos,A principal função do sistema de lubrificação de um motor aeronáutico é:,"Reduzir o atrito entre as partes móveis, dissipar calor e limpar o motor.",Aumentar a temperatura operacional para melhor eficiência térmica.,Misturar o óleo com o combustível para lubrificar as válvulas.,Reduzir a pressão do ar nos cilindros durante a compressão.,0,easy,"O óleo lubrificante reduz o atrito, ajuda no resfriamento interno (dissipando calor), protege contra corrosão e limpa as peças, transportando impurezas para o filtro."
conhecimentos_tecnicos,"Em um motor a pistão convencional de quatro tempos, os tempos são, respectivamente:","Admissão, compressão, expansão (combustão) e escapamento.","Compressão, ignição, expansão e exaustão.","Injeção, compressão, combustão e admissão.","Admissão, ignição, compressão e escapamento.",0,easy,"Os quatro tempos de um motor a pistão (Ciclo Otto) são: admissão (entra mistura ar/combustível), compressão (mistura é comprimida), expansão/combustão (queima e gera força) e escapamento (gases são expulsos)."
conhecimentos_tecnicos,A peça do motor que transforma o movimento retilíneo alternativo do pistão em movimento rotativo é o:,Eixo de cames (eixo de comando de válvulas).,Eixo de manivelas (virabrequim).,Biela.,Cárter.,1,medium,O eixo de manivelas ou virabrequim é responsável por transformar o movimento sobe-e-desce (retilíneo alternativo) dos pistões em movimento de rotação para girar a hélice.
conhecimentos_tecnicos,Qual o instrumento que se baseia nas pressões estática e dinâmica para seu funcionamento?,Altímetro.,Climb (VSI).,Velocímetro.,Horizonte Artificial.,2,easy,"O velocímetro utiliza a pressão total (pitot) e a pressão estática. A diferença entre as duas fornece a pressão dinâmica, que é convertida em indicação de velocidade."
conhecimentos_tecnicos,O fenômeno da detonação em um motor a pistão é caracterizado por:,"Queima espontânea e descontrolada da mistura remanescente no cilindro, após a centelha da vela.",Queima da mistura antes da centelha da vela devido a pontos quentes no cilindro.,Falha do sistema de ignição durante o tempo de compressão.,Aumento da potência e redução da temperatura da cabeça do cilindro.,0,medium,"A detonação ocorre quando a mistura não queimada entra em combustão de forma explosiva, causada por excesso de pressão ou temperatura. Já a pré-ignição ocorre antes da centelha."
conhecimentos_tecnicos,Uma aeronave possui dois magnetos para:,Aumentar a tensão da bateria em caso de falha do alternador.,Prover redundância de segurança e melhorar a eficiência da queima da mistura.,Alimentar o sistema elétrico e os instrumentos giroscópicos simultaneamente.,Reduzir o consumo de combustível e aumentar a compressão do motor.,1,easy,"A dupla ignição (dois magnetos) proporciona segurança caso um falhe e também melhora a queima da mistura ar-combustível no cilindro, pois inflama a mistura a partir de dois pontos."
conhecimentos_tecnicos,"Ao aplicar o aquecimento do carburador (carb heat) em voo, numa condição sem gelo, o que acontece com a rotação do motor (RPM) em uma aeronave com hélice de passo fixo?","Aumenta, devido à maior densidade do ar.","Permanece inalterada, pois o ar quente não afeta a combustão.",Diminui inicialmente e depois volta ao normal.,"Diminui, devido à menor densidade do ar quente admitido.",3,medium,"O ar quente é menos denso que o ar frio. Ao aplicar o ar quente, entra menos massa de ar no carburador, tornando a mistura mais rica e resultando em perda de potência/queda de RPM."
conhecimentos_tecnicos,A formação de gelo no carburador ocorre mais facilmente em condições de:,Alta temperatura e baixa umidade relativa do ar.,Baixa umidade do ar e pressões atmosféricas elevadas.,Alta umidade do ar e temperaturas moderadas (entre -7°C e 21°C).,Temperaturas abaixo de -20°C e ar extremamente seco.,2,medium,"A vaporização do combustível e a expansão do ar no venturi do carburador reduzem drasticamente a temperatura. Por isso, pode haver formação de gelo mesmo com a temperatura externa até uns 21°C, se a umidade estiver alta."
conhecimentos_tecnicos,O tubo de Pitot bloqueado isoladamente (estática desobstruída) afeta principalmente as indicações do:,Altímetro apenas.,Velocímetro apenas.,Climb (VSI) e Altímetro.,"Velocímetro, Altímetro e Climb.",1,easy,"O tubo de Pitot capta a pressão de impacto (dinâmica), que alimenta apenas o velocímetro. Altímetro e Climb usam apenas a tomada de pressão estática."
conhecimentos_tecnicos,A cor da gasolina de aviação (AVGAS) com índice de octanas 100LL é:,Verde.,Vermelha.,Azul.,Incolor.,2,easy,"A gasolina 100LL (Low Lead) é tingida de azul para facilitar sua identificação e evitar abastecimento incorreto. A AVGAS 100/130 é verde, e a 80/87 é vermelha."
conhecimentos_tecnicos,"No sistema elétrico de uma aeronave leve, o dispositivo que converte energia mecânica do motor em energia elétrica é o:",Magneto.,Inversor.,Alternador ou Gerador.,Relé da bateria.,2,easy,O alternador (ou gerador) é movido pelo motor da aeronave e produz energia elétrica para carregar a bateria e alimentar os equipamentos elétricos durante o voo.
conhecimentos_tecnicos,Qual o papel da biela no conjunto biela-manivela de um motor?,Ligar o pistão ao eixo de manivelas e transmitir a força da expansão dos gases.,Sincronizar a abertura e fechamento das válvulas com o virabrequim.,Lubrificar a parede do cilindro através de pequenos orifícios.,Fornecer a centelha elétrica para o interior da câmara de combustão.,0,easy,"A biela conecta o pino do pistão ao moente do eixo de manivelas (virabrequim), transmitindo a força linear do pistão para gerar rotação no eixo."
conhecimentos_tecnicos,"Sobre as hélices de passo variável (velocidade constante), é correto afirmar que:","O passo da hélice não pode ser alterado em voo, apenas no solo.",A RPM da hélice é controlada automaticamente pelo governador da hélice.,A RPM aumenta sempre que o piloto abaixa o nariz da aeronave (mergulho).,Apenas a manete de potência regula o ângulo das pás.,1,medium,"Em hélices de velocidade constante, um governador ajusta hidraulicamente (com óleo) o passo das pás para manter a RPM selecionada pelo piloto na manete de passo, mesmo variando a velocidade ou potência."
conhecimentos_tecnicos,Um motor aeronáutico a pistão superalimentado tem a vantagem de:,Dispensar o uso de sistema elétrico para ignição.,Operar sem óleo lubrificante em altas altitudes.,Manter a pressão de admissão e a potência do motor em altitudes mais elevadas.,"Ser resfriado exclusivamente por líquido, evitando choque térmico.",2,medium,"A superalimentação (como o turbocompressor) comprime o ar de admissão, compensando a diminuição da densidade do ar em altitude e permitindo que o motor mantenha a potência."
conhecimentos_tecnicos,O que mede o Manômetro de Pressão de Óleo (Oil Pressure)?,A quantidade de óleo restante no cárter.,A temperatura do óleo ao sair do motor.,A pressão com que o óleo está sendo fornecido às partes móveis do motor.,A pressão dentro do cárter para evitar vazamentos.,2,easy,"O manômetro de pressão indica a força (pressão) de envio de óleo da bomba para o sistema, garantindo que o motor esteja sendo lubrificado adequadamente."
conhecimentos_tecnicos,"A mistura rica, controlada pela manete de mistura, é mais apropriada para:",Voos de cruzeiro em grandes altitudes para economizar combustível.,"Decolagem, subida e operações em baixa altitude e alta potência.",Evitar o superaquecimento do carburador em dias frios.,Aumentar a vida útil das velas durante o voo em descida prolongada.,1,medium,"A mistura rica fornece excesso de combustível, o que ajuda a resfriar os cilindros e prevenir detonação em fases de alta potência (decolagem e subida) e baixas altitudes onde o ar é mais denso."
conhecimentos_tecnicos,O instrumento que informa a variação de altitude (subida ou descida) da aeronave em pés por minuto é o:,Altímetro.,Velocímetro.,Indicador de Razão de Subida (VSI ou Climb).,Turn and Bank (Pau e Bola).,2,easy,"O Climb, também chamado de VSI (Vertical Speed Indicator), usa a taxa de mudança da pressão estática para indicar se o avião está subindo, descendo ou nivelado."
conhecimentos_tecnicos,A válvula de alívio (bypass) no filtro de óleo entra em operação quando:,A pressão de óleo excede o limite máximo permitido.,O filtro de óleo está entupido ou o óleo está muito viscoso.,A temperatura do óleo está muito alta e precisa passar pelo radiador.,O motor está sendo desligado e a linha precisa ser despressurizada.,1,medium,A válvula bypass garante que o motor não fique sem lubrificação caso o filtro entupa ou o óleo esteja muito grosso (frio). Ela permite a passagem do óleo sem filtrar diretamente para o motor.
conhecimentos_tecnicos,As superfícies de comando de voo primárias são:,"Flapes, slats e spoilers.","Ailerons, profundor (leme de profundidade) e leme de direção.","Compensadores (trim tabs), ailerons e flapes.","Leme de direção, flapes e estabilizador horizontal.",1,easy,"As superfícies primárias são aquelas essenciais para controlar os 3 eixos da aeronave: Ailerons (rolagem), Profundor (arfagem/cabragem) e Leme de direção (guinada)."
conhecimentos_tecnicos,O profundor (elevator) controla o movimento da aeronave no eixo:,Longitudinal.,Lateral.,Vertical.,Diagonal.,1,medium,"O profundor faz o avião arfar (levantar ou baixar o nariz), movimento que ocorre em torno do eixo lateral (transversal)."
conhecimentos_tecnicos,"Em uma inspeção pré-voo, é feito o dreno dos tanques de combustível principalmente para:",Reduzir o peso da aeronave e melhorar a performance.,Remover possíveis impurezas e água acumulada.,Aliviar a pressão estática dentro dos tanques.,Garantir que a bomba de combustível tenha fluxo constante.,1,easy,"Como a água é mais pesada que o combustível (gasolina), ela se deposita no fundo do tanque. O dreno é feito para remover água e partículas sólidas e evitar falhas no motor."
conhecimentos_tecnicos,Qual sistema evita o estol e permite manter o fluxo de ar aderido à asa em maiores ângulos de ataque?,Flapes tipo fenda (slotted) ou Slats.,Spoilers.,Compensadores.,Estabilizadores verticais.,0,medium,"Dispositivos hipersustentadores de bordo de ataque (slats/slots) e flapes fenda direcionam o ar sob alta pressão para o extradorso, retardando o descolamento da camada limite (estol)."
conhecimentos_tecnicos,A bateria de uma aeronave tem como função principal:,Fornecer energia ininterrupta durante todo o voo.,Gerar eletricidade a partir da rotação do motor.,Prover energia elétrica inicial para a partida do motor e atuar como backup em caso de falha do alternador.,Alimentar exclusivamente os magnetos do sistema de ignição.,2,medium,"A bateria é uma fonte de energia química armazenada usada para ligar o motor de arranque e equipamentos no solo, ou para emergências. Em voo, a energia é provida pelo alternador."
conhecimentos_tecnicos,A magnetização natural ou artificial de partes ferrosas de uma aeronave pode introduzir um erro na bússola magnética conhecido como:,Declinação magnética.,Desvio de bússola.,Inclinação magnética.,Precessão giroscópica.,1,medium,"O desvio de bússola (Deviation) é o erro causado por campos magnéticos locais criados pela estrutura, equipamentos elétricos ou rádio da própria aeronave."
conhecimentos_tecnicos,A mistura estequiométrica ideal (teórica) de ar e gasolina de aviação (em massa) para uma combustão completa é de aproximadamente:,12 partes de ar para 1 de combustível.,15 partes de ar para 1 de combustível.,1 parte de ar para 15 de combustível.,8 partes de ar para 1 de combustível.,1,hard,"A mistura estequiométrica (quimicamente perfeita) de ar e gasolina é de cerca de 15:1 (15 kg de ar para 1 kg de gasolina). Na prática aeronáutica, voa-se frequentemente com misturas mais ricas."
conhecimentos_tecnicos,O que são anéis de segmento de compressão no pistão?,Anéis que lubrificam a câmara de combustão durante o tempo de escapamento.,Anéis de vedação que impedem que a pressão dos gases de combustão escape para o cárter.,Anéis que rasparão o óleo excedente da parede do cilindro.,Dispositivos de refrigeração que expandem com o calor no cabeçote.,1,medium,"Os anéis de compressão, na parte superior do pistão, vedam a folga entre o pistão e a parede do cilindro, retendo os gases no topo e melhorando a taxa de compressão. Os anéis mais abaixo são raspadores de óleo."
conhecimentos_tecnicos,A unidade de medida de energia elétrica consumida no sistema elétrico e que é monitorada no amperímetro é o:,Volt.,Ohm.,Ampere.,Watt.,2,easy,"A corrente elétrica, que indica se a bateria está sendo carregada ou descarregada pelo sistema, é medida em Amperes no Amperímetro."
conhecimentos_tecnicos,"Para refrigerar adequadamente um motor a pistão arrefecido a ar, utiliza-se principalmente:","Aletas de refrigeração nos cilindros, radiador de óleo e o próprio fluxo de ar da hélice/impacto.",Um sistema de líquido de arrefecimento (coolant) com bomba d´água.,Apenas a injeção excessiva de óleo lubrificante nos cilindros.,Ar proveniente do sistema pneumático do tubo de Pitot.,0,easy,"Motores aeronáuticos arrefecidos a ar contam com aletas em torno dos cilindros para aumentar a área de dissipação térmica com o vento de impacto (ou gerado pela hélice), além do resfriamento do óleo."
conhecimentos_tecnicos,Qual destes instrumentos é operado pelo princípio giroscópico?,Velocímetro.,Indicador de Curva e Deslizamento (Turn Coordinator ou Turn and Bank).,Altímetro.,Bússola Magnética.,1,easy,"Os principais instrumentos giroscópicos em aeronaves leves são o Horizonte Artificial, o Giro Direcional e o Indicador de Curva e Deslizamento (Turn and Bank / Turn Coordinator)."
conhecimentos_tecnicos,Qual o tipo de bomba de combustível utilizada como auxílio/emergência e operada de forma independente do motor (geralmente elétrica)?,Bomba mecânica do motor.,Bomba injetora rotativa.,Bomba de reforço (Boost Pump ou Auxiliar).,Bomba de vácuo.,2,medium,"A boost pump (bomba elétrica de reforço) é usada na partida do motor, em decolagens/pousos por segurança e em caso de falha da bomba mecânica principal (acionada pelo motor)."
conhecimentos_tecnicos,"Nos motores a injeção (Fuel Injection), a formação de gelo ocorre:","Com mais frequência que no carburador, devido à injeção sob alta pressão.",Com a mesma frequência do carburador.,"Não há formação de gelo por vaporização, sendo a injeção muito menos suscetível a gelo do que o carburador.","Apenas nas mangueiras de combustível, e nunca na válvula do acelerador.",2,medium,"Como o combustível é injetado diretamente no duto de admissão de cada cilindro (e não no tubo de Venturi, que abaixa a temperatura bruscamente), motores com injeção são praticamente imunes à formação de gelo por vaporização (gelo no carburador)."
conhecimentos_tecnicos,Uma aeronave em curva perfeita (coordenada) terá a bolha do inclinômetro (Turn and Bank):,Deslocada para o lado interno da curva.,Deslocada para o lado externo da curva.,Centrada.,Oscilando rapidamente.,2,easy,"Na curva coordenada, as forças de gravidade e centrífuga estão balanceadas, fazendo com que a bolha ou ""esfera"" do instrumento fique no centro. Derrapagem a bolha vai para fora, glissagem vai para dentro."
conhecimentos_tecnicos,As partes constituintes de uma hélice incluem:,"Cubo, pás e cubo de montagem (spinner é carenagem).","Cárter, estator e rotor.","Flange, biela e cames.","Cone, tubo pitot e cubo.",0,easy,A hélice é fixada pelo cubo (hub) ao eixo do motor e possui as pás que geram a tração aerodinâmica.
conhecimentos_tecnicos,"A finalidade das ""Carenagens"" (Cowlings) em um motor é:",Aumentar a área de sustentação da aeronave.,Reduzir o arrasto aerodinâmico e canalizar o fluxo de ar para refrigeração do motor.,Absorver a vibração do eixo de manivelas.,Evitar o congelamento das mangueiras de combustível no interior do motor.,1,medium,As carenagens do motor servem para dar perfil aerodinâmico (reduzindo arrasto) e organizar/canalizar o fluxo de ar passando pelas aletas dos cilindros e pelo radiador para uma refrigeração eficiente.
conhecimentos_tecnicos,"Para evitar a ""Calço Hidráulico"" (Hydraulic Lock) em motores radiais inferiores ou invertidos, deve-se:",Drenar todo o óleo antes de cada voo.,Acelerar o motor bruscamente na partida.,Girar a hélice manualmente algumas voltas antes da partida para retirar possível acúmulo de óleo nos cilindros inferiores.,Desligar os magnetos durante o voo de descida.,2,hard,"O óleo pode escorrer pelos anéis dos pistões e acumular na câmara de combustão dos cilindros virados para baixo. Como os líquidos não são compressíveis, a tentativa de dar a partida com muito óleo ali pode entortar a biela (calço hidráulico). Girar manualmente descarrega o óleo pela válvula de escape."
conhecimentos_tecnicos,A cor da indicação de arco amarelo no velocímetro representa:,"Faixa de operação normal, sem restrições.",Faixa de operação com flapes estendidos.,Faixa de cautela; operação permitida apenas em ar calmo (sem turbulência).,Faixa de estol em configuração limpa.,2,easy,O arco amarelo no velocímetro vai da velocidade máxima estrutural de cruzeiro (Vno) até a velocidade nunca exceder (Vne). O voo nessa faixa só deve ocorrer se não houver turbulências fortes.
conhecimentos_tecnicos,"Se a pressão de admissão (Manifold Pressure) aumenta, em um motor a velocidade constante e as mesmas RPM, significa que:",O avião está estolando.,A potência do motor foi reduzida.,A potência produzida pelo motor aumentou.,Houve falha na queima do cilindro 1.,2,medium,"O Manifold Pressure mede a pressão absoluta da mistura ar/combustível sendo introduzida no cilindro. Quanto mais borboleta aberta (pressão maior), mais massa entra no motor e mais potência é gerada."
conhecimentos_tecnicos,O que o horizonte artificial (Attitude Indicator) exibe diretamente ao piloto?,"A atitude da aeronave, ou seja, sua inclinação lateral (bank) e longitudinal (pitch).",O ângulo de ataque da asa em relação ao vento relativo.,A direção magnética da proa do avião.,A razão de subida ou descida exata em pés por minuto.,0,easy,"Por meio do princípio de rigidez no espaço giroscópica, o instrumento fornece um horizonte visual artificial para mostrar o pitch (nariz acima/abaixo do horizonte) e rolagem (asas niveladas ou em curva)."
conhecimentos_tecnicos,Qual válvula é aberta no carburador (ou injeção) para desligar o motor e evitar autoignição?,Válvula de corte de mistura (Mixture Idle Cut-Off).,Válvula de combustível do tanque (Seletora).,Borboleta do acelerador totalmente fechada.,Válvula de dreno do cárter.,0,medium,"Motores aeronáuticos são desligados cortando-se totalmente a mistura (puxando a manete de mistura para a posição de corte - idle cut-off). Assim, o motor queima o combustível residual e apaga limpo, evitando autoignição acidental."
conhecimentos_tecnicos,O pino que liga a biela ao pistão é conhecido como:,Moente.,Eixo de cames.,Pino do pistão (Wrist Pin ou Pino Munhão).,Biela-mestra.,2,hard,"O pino do pistão atravessa a saia do pistão e o olho da biela, permitindo a articulação entre as duas peças."
conhecimentos_tecnicos,O altímetro possui uma janela no mostrador onde o piloto ajusta uma referência de pressão. Essa janela é conhecida como janela de:,Pressão Pitot.,Pressão Dinâmica.,Kollsman.,Precessão.,2,medium,"A janela de Kollsman é onde ajustamos a pressão barométrica (QNH ou QNE, dependendo da fase do voo) para que o altímetro apresente a altitude correta."
conhecimentos_tecnicos,"Os cabos de comando que acionam ailerons, profundor e leme em aeronaves leves estão sujeitos a alongamento ou variação com a temperatura. Qual o nome do pino de ajuste de tensão na inspeção?",Parafuso Allen.,Esticador de cabos (Turnbuckle).,Fio de freno (Safety Wire).,Anel O-Ring.,1,hard,O esticador ou tencionador (turnbuckle) é uma peça de rosca dupla usada para dar a tensão correta nos cabos de comando.
conhecimentos_tecnicos,"Os pneus das aeronaves são inflados com qual gás de preferência, para evitar oxidação e dilatação extrema por calor dos freios?",Oxigênio puro.,Dióxido de carbono (CO2).,Nitrogênio.,Hélio.,2,medium,"O nitrogênio é um gás inerte, não tem umidade (o que evita a formação de gelo em altitude e a oxidação interna das rodas) e suporta melhor as variações de temperatura, não alimentando combustão se ocorrer fogo nos freios."
conhecimentos_tecnicos,O que caracteriza uma estrutura do tipo monocoque em aviação?,Todo o esforço estrutural é suportado por uma armação interna de tubos soldados.,As forças estruturais são distribuídas exclusivamente no revestimento externo (pele).,O peso é suportado apenas pelas longarinas principais da asa e por montantes externos.,É a união entre o tecido da fuselagem e o compensado de madeira das asas.,1,medium,"Na estrutura tipo monocoque (casca de ovo), a chapa ou revestimento externo é que suporta todos ou quase todos os esforços de voo. No semi-monocoque (mais comum), a pele é auxiliada por reforçadores internos."
conhecimentos_tecnicos,Uma falha no alternador em voo sob regras visuais diurnas (VFR) exige que o piloto:,Declare emergência imediata e salte de paraquedas.,"Desligue equipamentos não essenciais, poupando a carga da bateria para comunicações ou flapes e pouse no aeródromo mais adequado.",Abra as portas da aeronave para criar arrasto dinâmico.,Puxe o aquecimento do carburador imediatamente.,1,easy,"Se o alternador falhar, o sistema elétrico da aeronave passará a ser alimentado apenas pela bateria, que tem duração limitada. A atitude correta é aliviar a carga elétrica e pousar em segurança."
conhecimentos_tecnicos,"Ao girarmos a chave de ignição do avião para as posições ""LEFT"" ou ""RIGHT"" durante o cheque de motor (run-up), estamos verificando:",O funcionamento dos tanques esquerdo e direito de combustível.,O direcionamento da hélice para os lados.,Se os magnetos esquerdo e direito estão operando independentemente e sem quedas excessivas de RPM.,O sistema de aquecimento de pitot de ambos os lados da aeronave.,2,easy,"Durante o cheque no ponto de espera, testa-se cada magneto individualmente desligando um deles (selecionando L ou R). Verifica-se se há queda leve de RPM e se o motor não morre."
conhecimentos_tecnicos,A hélice de uma aeronave tem passo reduzido (passo fino) em qual configuração de voo?,Em voo de cruzeiro rápido.,Na decolagem e na subida (para obter máxima RPM e potência de tração).,Em uma descida prolongada ou mergulho acentuado.,No estol do compressor.,1,medium,"O passo fino reduz o ""ângulo de ataque"" da pá, permitindo ao motor girar com menos resistência e atingir altas rotações, fundamental para máxima potência nas decolagens e arremetidas."
conhecimentos_tecnicos,As válvulas do motor se fecham devido à ação do(a):,Impulso do pistão subindo.,Pressão do eixo de manivelas.,Força das molas de válvula.,Gravidade.,2,medium,"O eixo de comando de válvulas (cames) empurra a válvula abrindo-a, e a forte mola que envolve a haste da válvula a força de volta para o fechamento assim que o came passa."
conhecimentos_tecnicos,"A velocidade de ""estol"", onde a aeronave perde a sustentação de forma controlada, aumenta quando o avião:",Aumenta sua velocidade no ar cruzeiro.,Diminui o seu peso ao longo de uma viagem longa.,Estende os flapes totalmente.,Está em uma curva de grande inclinação (alto ângulo de bank).,3,medium,"Nas curvas inclinadas, o fator carga (fator de carga G) aumenta, exigindo mais sustentação, o que eleva a velocidade na qual a aeronave vai estolar em comparação ao voo reto e nivelado."
conhecimentos_tecnicos,O tubo de escape de uma aeronave frequentemente possui uma cobertura ao redor (shroud) cuja finalidade principal é:,Reduzir o ruído para as pessoas no solo.,Captar ar frio e fornecer ao sistema de pitot.,Aquecer o ar externo limpo e conduzi-lo para o aquecimento da cabine ou aquecimento do carburador.,Evitar o impacto de aves.,2,medium,"O tubo de escapamento fica muito quente. Envolto em um ""shroud"", ele aquece o ar que passa ali. Este ar quente (porém limpo dos gases de escape) é usado como calefação (Cabin Heat) ou aquecimento do carburador (Carb Heat)."
conhecimentos_tecnicos,A velocidade de ar ideal para que o motor opere com melhor resfriamento e maior eficiência em voo de cruzeiro de longa distância é baseada na:,Mistura rica e rotação máxima (RPM).,Velocidade de máximo alcance.,Velocidade de estol e passo máximo.,"Vne, com o nariz em atitude de descida.",1,medium,"A velocidade de máximo alcance em cruzeiro proporciona o melhor compromisso entre consumo de combustível e avanço no tempo (economia), ideal para voos de longa distância."
conhecimentos_tecnicos,O compensador (trim tab) serve primordialmente para:,"Aliviar a força exigida nos comandos primários durante o voo, anulando as pressões nas superfícies de controle.",Frear a aeronave na aproximação final.,Ajudar a direcionar a aeronave no solo durante o táxi.,Sincronizar a velocidade da aeronave com a velocidade da hélice.,0,easy,"O compensador atua como uma pequena aleta aerodinâmica que alivia as forças exercidas pelo piloto no manche ou pedais, mantendo a atitude da aeronave constante de forma mais fácil e confortável."
conhecimentos_tecnicos,A pré-ignição ocorre quando a mistura ar/combustível se inflama:,Antes do pistão passar pelo ponto morto inferior (PMI).,Após a emissão da centelha pela vela de ignição.,Espontaneamente devido a depósitos de carvão incandescentes ou peças quentes antes da centelha das velas.,Dentro do cárter por excesso de combustível na admissão.,2,medium,"A pré-ignição é o início da queima antes do tempo adequado (antes do salto da faísca), geralmente causado por acúmulo de carbono muito quente, vela incorreta (muito quente) ou válvulas superaquecidas."
conhecimentos_tecnicos,"Para um voo em atitude e altitude constantes (voo reto horizontal equilibrado), é necessário que:",Sustentação iguale a Tração e Peso iguale ao Arrasto.,Sustentação seja maior que o Peso e Tração seja maior que o Arrasto.,Sustentação iguale o Peso e a Tração iguale o Arrasto.,Sustentação iguale o Arrasto e Tração iguale o Peso.,2,easy,"Em um voo reto, nivelado e não acelerado (equilíbrio em cruzeiro), a sustentação iguala o peso, impedindo subidas ou descidas, e a tração iguala o arrasto, mantendo a velocidade constante."
conhecimentos_tecnicos,Qual das alternativas abaixo melhor descreve o efeito do uso dos flapes?,"Eles aumentam a sustentação e o arrasto, permitindo aproximações mais íngremes sem ganho excessivo de velocidade.","Eles reduzem o arrasto e a sustentação, facilitando decolagens rápidas em pistas muito longas.","Eles atuam como lemes, permitindo controlar o eixo vertical (guinada).",Eles reduzem a capacidade do aileron de rolar a aeronave.,0,easy,"Flapes alteram a curvatura e, dependendo do tipo, a área da asa, o que aumenta a sustentação (permitindo voar mais devagar) e também o arrasto. Isso é essencial para as aproximações e pousos."
conhecimentos_tecnicos,O que é o efeito de solo (Ground Effect)?,"Aumento do arrasto induzido próximo ao solo, dificultando a decolagem.",A interferência magnética do solo na bússola durante o táxi.,"Redução do arrasto induzido quando a aeronave voa próxima à superfície, podendo gerar sustentação excessiva em baixa velocidade.",Vento lateral predominante gerado pelo atrito no asfalto da pista.,2,medium,"No efeito de solo (a uma altura igual ou inferior à envergadura da asa), a formação dos vórtices de ponta de asa é restringida, diminuindo muito o arrasto induzido e melhorando a sustentação. Isso pode fazer o avião flutuar ou decolar antes da hora."
conhecimentos_tecnicos,"Quando o motor não responde ou falha intermitentemente ao usar a bomba mecânica de combustível em grandes altitudes, e melhora acionando a bomba elétrica (boost pump), a causa mais provável é:",Mistura demasiadamente pobre por vazamento nas conexões.,Vapor Lock (Formação de vapor nas tubulações bloqueando o combustível líquido).,Entupimento total do respiro do tanque de combustível.,Gelo no sistema de admissão e no carburador.,1,hard,"Em altitudes elevadas e temperaturas altas, a baixa pressão favorece a vaporização precoce do combustível nas mangueiras antes da bomba do motor (vapor lock). A bomba elétrica ajuda a empurrar o combustível pressurizado pelas linhas."
conhecimentos_tecnicos,"A velocidade ""Vso"" na curva de performance de uma aeronave refere-se à:",Velocidade máxima com trem de pouso abaixado.,Velocidade nunca exceder.,Velocidade de estol em configuração de pouso (flapes e trens baixados).,Velocidade de manobra ou velocidade em ar turbulento.,2,medium,Vso (Stall speed in landing configuration) é indicada no velocímetro como o limite inferior do arco branco. Representa a velocidade mínima de controle antes do estol com aeronave em configuração limpa.
conhecimentos_tecnicos,Um sistema elétrico operando com 24 ou 28 volts em vez de 12 ou 14 volts é utilizado para:,Facilitar a inspeção visual dos fios expostos nos cabos de alimentação.,Diminuir a centelha do magneto para não fundir a vela.,"Reduzir o peso geral, pois tensões maiores permitem fios condutores mais finos e leves para a mesma potência elétrica.",Aumentar a autonomia da aeronave em voo noturno.,2,hard,"Tensão mais alta (Volts) diminui a corrente (Amperes) exigida para fornecer a mesma potência (Watts). Correntes menores permitem a utilização de cablagens elétricas com menor bitola (mais finas e leves), poupando peso na aeronave."
conhecimentos_tecnicos,"Durante um voo de cruzeiro, uma indicação de queda progressiva da pressão de óleo combinada com um aumento da temperatura do óleo geralmente indica:",Aumento imediato de altitude do avião em cruzeiro.,"Falha iminente no sistema de lubrificação, vazamento de óleo ou falha grave de rolamentos do motor.",Entrada da aeronave em zona de extrema turbulência de céu claro.,Normalidade térmica de um voo em um dia de ar muito rarefeito.,1,easy,Esses dois sintomas combinados (a temperatura sobe porque falta lubrificação/resfriamento e a pressão cai porque o volume diminuiu) sugerem vazamento ou falha severa na bomba. O piloto deve procurar um local para pouso imediato.
conhecimentos_tecnicos,"A função primordial de um ""Radiador de Óleo"" (Oil Cooler) é:",Dissipar o excesso de calor do motor transportado pelo fluxo de óleo.,Aquecer o ar antes de entrar na cabine ou nos carburadores.,Resfriar os gases de escape antes da atmosfera.,Limpar as impurezas retidas do cárter.,0,easy,O óleo lubrifica e auxilia a refrigerar o motor retirando calor das partes móveis. O radiador (Oil Cooler) resfria esse óleo quente circulando em seus tubos e aletas em contato com o ar frio externo.
conhecimentos_tecnicos,"Quais fatores induzem de forma mais significativa a chamada ""Guinada Adversa"" durante uma curva?",O peso das asas e do tanque cheio.,O efeito giroscópico do passo da hélice e da RPM constante.,O aumento de arrasto produzido pelo aileron da asa que está levantando.,A força assimétrica da bolha no coordenador de curva.,2,medium,"Ao rolar o avião (digamos para a direita), o aileron esquerdo desce aumentando a sustentação da asa esquerda (que sobe), mas também aumenta seu arrasto. Esse arrasto maior ""puxa"" o nariz inicialmente para a esquerda (lado oposto da curva pretendida)."
conhecimentos_tecnicos,Como o piloto combate a guinada adversa no momento de iniciar uma curva com os ailerons?,Dando potência total na manete de aceleração.,Aplicando pressão no pedal do leme na mesma direção da curva pretendida.,Subindo o profundor para evitar um estol repentino.,Retardando totalmente a mistura de combustível.,1,easy,A utilização coordenada do leme (pedais) na mesma direção do aileron serve justamente para combater o aumento de arrasto da asa oposta e girar (guinar) o nariz do avião para o rumo da curva (curva coordenada).
conhecimentos_tecnicos,As superfícies estabilizadoras convencionais localizadas na parte traseira da aeronave (empenagem) são chamadas de:,Canards.,Slats e Slots.,Estabilizador horizontal e estabilizador vertical.,Spoilers verticais de fuselagem.,2,easy,A empenagem é o conjunto da cauda que provê a estabilidade direcional e longitudinal. Inclui os estabilizadores fixos ou móveis horizontais e o vertical (deriva).
conhecimentos_tecnicos,Qual o principal fator responsável por manter um avião reto e nivelado mesmo que sofra perturbações do ar (estabilidade longitudinal)?,O diedro das asas.,A posição do centro de gravidade (CG) à frente do centro de pressão (CP) aliado ao momento de estabilização gerado pelo estabilizador horizontal na cauda.,As derivas fixadas no intradorso de cada asa.,A constante inclinação do eixo da hélice em relação ao CG da aeronave.,1,hard,"O avião é projetado para que o CG (Centro de Gravidade) fique ligeiramente à frente do centro de sustentação (CP). A força de ""cauda pesada"" criada pelo estabilizador horizontal balanceia isso e fornece a estabilidade primária de arfagem."
conhecimentos_tecnicos,"Um fator operacional que pode alterar drasticamente o ""Centro de Gravidade"" (CG) da aeronave durante um voo longo é:",O uso prolongado dos aquecimentos no sistema de pitot.,A perda de massa pela queima de combustível nos tanques.,As correntes convectivas nas áreas de maior turbulência no cruzeiro.,A extensão ou o recolhimento do trem de pouso.,1,medium,"Com o tempo, muito combustível é consumido e o avião perde muito peso nos tanques (que podem estar em pontos específicos da fuselagem ou nas asas). O consumo desse combustível deslocará a posição do CG durante o voo."
conhecimentos_tecnicos,"Em uma inspeção estrutural de aeronave, rebites com as cabeças frouxas ou escurecidas ao redor (""smoking rivets"") podem indicar:",Uso excessivo de detergentes na limpeza.,Superaquecimento normal durante o voo próximo de mach .80.,"Movimentação estrutural entre as chapas unidas (folga), necessitando substituição do rebite ou inspeção.",Apenas sujeira do escape acumulada sem importância para a asa.,2,hard,"Se um rebite estiver solto e as chapas começarem a se mover sob vibração (""fretting""), uma poeira de alumínio e óxido de cor escura é produzida ao redor da cabeça do rebite, indicando fadiga e movimento na junta."
conhecimentos_tecnicos,"No instrumento indicador de VOR (VHF Omnidirectional Range), a agulha vertical (CDI) deslocada para a direita significa:",Que o rumo desejado e selecionado (radil) encontra-se à direita de sua posição atual.,Que há falha na transmissão da antena de navegação da asa direita.,Que o piloto deve aplicar leme para a esquerda.,Que o vento está empurrando a aeronave da esquerda para a direita (deriva).,0,medium,"O Course Deviation Indicator (CDI) informa desvio. Se a barra estiver à direita, o ""curso ideal"" selecionado no OBS está fisicamente situado à direita do caminho atual da aeronave."
conhecimentos_tecnicos,"Os instrumentos de ""Giro Direcional"" (Heading Indicator) devem ser frequentemente ajustados ou corrigidos em voo com base:","No horizonte artificial, caso ocorram trepidações fortes.",Na velocidade indicada para a altitude compensada.,Nas marcações da bússola magnética da aeronave (quando a aeronave estiver nivelada e sem aceleração).,Nas posições relativas dos astros no período noturno.,2,medium,"Devido ao atrito mecânico e à rotação da Terra, os instrumentos giroscópicos não referenciados por fluxo magnético sofrem precessão (deriva no rumo) e precisam ser recalibrados periodicamente utilizando o rumo exato lido na bússola magnética."
conhecimentos_tecnicos,"O que o sistema de transponder e seu código ""Squawk"" permitem no controle de tráfego aéreo?",Aumento na potência do rádio e na clareza do canal de VHF.,Que a aeronave seja perfeitamente identificada nas telas dos radares de controle de voo como um alvo distinto com um código.,Transmissão contínua da pressão do motor via satélite para o mecânico local.,Controle contínuo do passo das hélices de modo autônomo.,1,easy,"O transponder é um equipamento radar secundário a bordo. Ao ser interrogado pelo radar do controle aéreo em terra, ele responde enviando um código (squawk) numérico (0000 a 7777) ajudando a identificar quem é o alvo na tela."
conhecimentos_tecnicos,"O modo ""ALT"" ou ""C"" de um transponder difere do modo ""A"" pois transmite não apenas o código de quatro dígitos, mas também:",A velocidade indicada da aeronave com relação ao ar.,A posição GPS precisa das coordenadas de latitude.,A altitude de pressão codificada da aeronave para o controle de tráfego aéreo.,A taxa de aquecimento do ar no sistema de calefação.,2,easy,O Modo C utiliza um altímetro cego embutido (ou codificador) que converte a pressão local e transmite automaticamente a altitude (flight level) na qual o avião se encontra em tempo real para o radar do controlador ATC.
conhecimentos_tecnicos,O farol rotativo vermelho ou os strobes brancos nas extremidades das asas (Luzes Anti-Colisão) devem ser operados:,Exclusivamente em dias chuvosos ou de neve pesada.,Somente para cruzeiros realizados acima de FL100 no período de transição noturno.,"Toda vez que o motor estiver funcionando (em terra) e durante todo o voo (dia ou noite), exceto se incomodar o piloto em nevoeiro.",Sempre que o radar for ligado pelo piloto ou co-piloto na decolagem e pouso exclusivamente.,2,medium,"As luzes anti-colisão (beacon, strobes) devem estar acesas assim que se tem a intenção de dar a partida e em todas as etapas do voo. Contudo, strobes podem ser desligados durante táxi à noite no solo (para não cegar outros) ou voando em densa cerração/nuvem (onde refletem no próprio piloto causando desorientação espacial)."
conhecimentos_tecnicos,A pressão dinâmica (pressão de impacto) na boca do tubo de Pitot é o resultado da diferença entre:,A pressão total lida no Pitot menos a pressão atmosférica estática lida na tomada estática.,A temperatura total lida no Pitot menos o volume medido no carburador.,A força da tração das pás e a resistência inercial.,A RPM da hélice em relação ao arrasto medido pela fuselagem.,0,medium,"O tubo de Pitot voltado para a corrente de vento sofre a Pressão Total (impacto ar + peso da atmosfera atual). Subtraindo-se a Pressão Estática ambiente no barômetro embutido do tubo daquela Pressão Total, obtemos apenas a força de impacto gerada pelo voo (Pressão Dinâmica, ou velocidade indicada)."
conhecimentos_tecnicos,"Em uma hélice, a distância que ela avança a cada volta completa desconsiderando as perdas reais é o seu:",Passo efevitvo (Effective Pitch).,Passo geométrico (Geometric Pitch).,Escorregamento da Hélice (Slip).,Diedro longitudinal de pá de hélice.,1,medium,"O passo geométrico é uma distância teórica fixa. Se a hélice de passo geométrico fosse parafusada num bloco sólido imaginário de madeira, seria esse o avanço. Na prática, o avanço real é menor pelo atrito do ar (escoamento ou Slip); essa medida real é chamada Passo Efetivo."
conhecimentos_tecnicos,"Para decolagem em pistas curtas ou com obstáculos, pilotos geralmente aplicam um ou dois graus de flape (flapes parciais) na configuração. O motivo para isto é:",Prevenir um calço hidráulico.,Retardar a redução térmica do motor no caso da mistura empobrecer.,Reduzir a distância de corrida na pista ao obter mais sustentação antes de alcançar velocidades elevadas que também causariam mais arrasto total.,Evitar o impacto com pássaros através da interrupção lateral do fluxo de ar nos lemes.,2,easy,"Na posição de recolhimento inicial, o flape proporciona grande aumento da sustentação com muito pouco aumento no arrasto parasita, facilitando o avião a levantar voo antecipadamente num espaço restrito."
conhecimentos_tecnicos,"Ao descer o nariz da aeronave de modo acentuado (descida rápida) mantendo a potência de cruzeiro, pode ocorrer em um motor aeronáutico a pistão arrefecido a ar:",Choque térmico (resfriamento brusco) pelas aletas ao reduzir a carga sobre o motor e aumentar a velocidade e vento impactante.,Superaquecimento grave das bielas pelas altas RPM alcançadas independentemente das correções nas hélices.,Bloqueio total nos mangotes de combustível proveniente do tanque da barriga que reverterão fluxo nas tubulações elásticas.,Explosão imediata das câmaras por excesso de oxigênio induzido sob muita compressão pelo aumento estático local.,0,medium,"Com pouca potência no motor sendo usada numa descida muito íngreme e rápido vento exterior frio refrigerando através das janelas e flaps do motor (Cowl Flaps ou tomadas em voo sem carenagem), as temperaturas dos cabeçotes despencam violentamente e podem trincar as peças com resfriamento diferencial térmico (Thermal Shock)."
conhecimentos_tecnicos,O trem de pouso triciclo compreende essencialmente as posições em um design de aeronave típica consistindo de:,Duas rodas grandes sob o nariz e uma minúscula rodinha instalada embaixo da cauda como bequilha.,Três grandes pneus perfeitamente alinhados logo atrás do eixo central ao centro da cauda da deriva.,Um par central alinhado e uma enorme biela arrastada montada na cauda para amortecer.,"Duas rodas principais suportando o peso nas posições das asas ou sob a barriga da fuselagem, e mais uma roda suplementar e comandável sob o nariz do avião.",3,easy,"Ao contrário do modelo ""convencional"" antigo onde possuía duas rodas e mais a bequilha na cauda (taildragger), o triciclo tem roda ou trem de pouso no nariz (Nosewheel), permitindo excelente vista e um melhor suporte de estabilidade de pousos sem o avião balançar e tender a capotar (tão chamado ground-looping)."
conhecimentos_tecnicos,Um pneu aeronáutico possui os famosos sulcos paralelos e circunferenciais na sua banda de rodagem. Isso para que se previna especialmente em dias chuvosos o evento grave chamado:,Detonação induzida estática.,Aquaplanagem.,Atrito induzido parasita reverso.,Pouso curto prematuro em emergência lateral.,1,easy,"A água não se misturando e se comprimindo sobre um pneu com alta velocidade forma a fina lâmina por onde este pneu literalmente planar e ""esquiar"" ou surfar através dela — o que torna todo freio nulo (Zero Braking Action). O sulco existe apenas a drenar a água pro lado em decolagem e dobras de contato para parar o veículo de 2 toneladas a tempo."
conhecimentos_tecnicos,"A verificação diária visual nos drenos embaixo do tanque com amostrador no copo (""fuel tester"") antes do voo detecta preferivelmente a(s):",Diferença de temperatura da cor azul da atmosfera e verde do carburador indicando o gelo no ar em dias quentes de verão.,Perfeita saturação nas bombas no fundo para injetar a cor vermelha sob compressão máxima.,Mistura espessa em lama e ar limpo nas partes superior e central como padrão do ar rarefeito e viscoso.,"Eventual água que tenha condensado no tanque durante a madrugada ou pernoite, visto que esta seria mais pesada descendo ao lugar exato de dreno no fundo.",3,easy,"O peso da água, por causa de densidade volumétrica dela, afunda. Fica a gasolina flutuando por cima no reservatório sob gravidade normal na pista em terra. Qualquer impureza e água devem sair do tanque pelas pequenas portas criadas pra isto antes das inspeções ou elas poderão desligar as hélices numa emergência indesejável numa arremetida logo no fim de reta da final!"
conhecimentos_tecnicos,"Nas aeronaves a hélice que possuem injeção de combustível controladas, por qual meio principal e geral as correntes dos excessos injetados e drenados são devolvidas (ou direcionadas de modo adequado) ao sistema?",Tubos e respiros injetados em um dos tubos centrais principais ou mangueiras voltando-as para os próprios tanques de armazenagem ou caixas reservatórias menores.,Descargas nas abas sob as portas das carenagens ao lado inferior ao solo dos canais da empenagem horizontal lateral que secará ao toque ar frio.,Para cima no para-brisas em vapor onde aquecerão e atuarão limpando eventuais manchas orgânicas de sujeiras de pequenos insetos com o impacto de ar gelado em mergulhos rasos de teste!,Borrachas em radiadores das hélices onde lubrificam as engrenagens sem prejudicar e sem perda de cor limpa dos fluidos mecânicos de amortecimento interno do tubo giroscópico.,0,medium,O sistema comumente retorna ao fundo dos tanques de origem por um canal conhecido de retorno no próprio seletor para evitar perdas dispendiosas em operações do solo ou excessos nos circuitos que controlam os reguladores de alta pressão a todos os quatro injetores simultâneos das borboletas ou câmara no pistão.
conhecimentos_tecnicos,"Em qual das posições e atitudes estaria correndo ou gerando o maior risco prático visível da aeronave entrar num ""parafuso acidental"" (spin) incontrolável sem estar preparado para a prática no alto?",Em retas estabilizadas em voos panorâmicos turísticos constantes no eixo zero do manche compensado pelo vento livre de caldas laterais calmos e em proa no rumo sul magnético sem desvio aparente.,"Executando um pouso longo, seguro com ventos de cauda superiores aos de frente de estol mas devidamente sob o teto da reta alinhada e centrada, em atitude negativa sem velocidade angular vertical e inclinada nos instrumentos calibrados e testados visuais no momento final de nivelar aos pedais opostos!","Realizando uma curva subindo de grande inclinação (""high angle of bank turn with climb power applied"") a baixa velocidade próxima das velocidades perigosas de alarme do estol no momento em que se aperta o pedal da cauda ou leme e escorrega de repente numa derrapagem abrupta e repentinamente inesperada na final de tráfego de regresso ou arremetida.",Ao utilizar todo seu poder das manetes sob tração alta do motor e voando bem a frente cruzando os raios vetores retilíneos de forma controlada sem pedais atuados pelas asas niveladas pelo horizonte externo azul ao mar do norte aberto.,2,hard,"Parafuso é simplesmente, ou invariavelmente, apenas o estol com agravantes acentuados de guinadas acopladas combinados no mesmo tempo — que desequilibra violentamente sustentação sob forte derrapagem cruzada (yaw excessivo) numa das asas despencando antes com atitude estolada e rodando assim sobre o próprio CG inercial!"
conhecimentos_tecnicos,A estrutura das asas de aeronaves leves como o Cessna consiste frequentemente de longarinas para dar robustez principal estrutural ao avanço no voo e outra armação fundamental a sustentar e que são montados ao seu lado atravessando-as e definindo perfeitamente o aerofólio:,Costelas (Ribs ou Nervuras).,Ripas das pás de estabilização da cauda na frente invertida.,Hastes verticais nos bordos de ataque com corrediça inferior magnética no centro flexível das vigas metálicas em paralelo curvo lateral oposto inferior das janelas da empenagem dos tubos na carenagem dianteira de estol rotativo transversal.,Cabos aéreos flutuantes sem encosto lateral contornando e amarrados no eixo vertical do berço e que se prolongam aos flapes nas partes internas em cruzamento flexível de pressão elástica contravento aéreo do aileron de rosca fixada das asas rotatórias de tração direta livre!,0,easy,Nervuras dão formato da cobertura do metal curvo sobre eles (para que pareçam asa). As longarinas principais servem de sustentação em peso linear na ponta a ponta na grande travessa do avião e evitam que caia toda ela numa manobra fechada vertical de 4 ou 3 gés de esforço por torção!
conhecimentos_tecnicos,"No instrumento de tubo de Vácuo em ar pneumático as hélices geram por bomba e giro mecânico nas engrenagens e impulsionam na cauda do painel uma rotação constante dos rotores a velocidades extremas que é vital unicamente apenas nestes específicos e isolados dois únicos importantes instrumentos para voar do avião sem ter dependência ou cabos nos geradores, como qual grupo é:","Bússola magnética, Climb, Relógio cronometrado dos rádios comunicadores aéreos, Tacômetros das rodas principais na reta final.","Giro Direcional, Horizonte Artificial e turn-and-bank e seus mostradores de inclinação (alguns apenas elétricos no T&B).","Radares a laser altimétrico no modo térmico e termostato da bomba, flapes manuais das asas.","Rádio-altímetro, indicador GPS nos módulos avançados nos jatos, seletora dos trens recolhíveis mecânicos sem gravidade pneumática a cabo sob inércia.",1,medium,São impulsionados girando pelas forças sugadoras produzidas por bombas acionadas. Se ela estourar no escuro do voo das noites instrumentais por chuva num campo nebuloso nublado sem seletor da sucção alternativa ou bateria no socorro elétrico de reserva ou redundante os dois principais faróis se perdem na treva instantaneamente do painel!
conhecimentos_tecnicos,O manômetro indicando sucção correta sob limites de operação está marcando valores entre (em polegadas padrão comuns ao mercúrio dos instrumentos giratórios habituais das frotas da maioria de escola):,"De 29,92 polegadas em até limites máximos em ar de 32 polegadas estabilizadas ou com oscilação livre sob impacto zero aerodinâmico na pressão diferencial calibrada estática em rampa a vácuo nas asas em cruz no teto!",Perto do normal ou em cruzeiro verde central variando nos painéis algo muito próximo na escala compreendidos nos ponteiros entre marcação e leitura constante e vibracional suave em torno ideal dos números relativos normais aceitos do arco das 4.5 e 5.5 polegadas Hg medidos de limite!,Muito acima de cerca de 12 e além sempre no ponteiro que trava no fundo do mostrador branco ou preto sem escala numerada de arco fixo vermelho no alto do horizonte falso da bolha cega do líquido das asas giratórias.,As bombas operam sempre na marca e leitura nula do estático no mostrador ou marcações calibradas sem necessidade zero das numerações visíveis pois são mecânicas fixas e travadas num rotor não voador do fundo invisível pelo rádio e bateria conectada central da luz e fusível.,1,hard,"O arco verde seguro está, invariavelmente, na faixa em torno de 4.5 a 5.4 inHg. Fora disso (seja em vácuos ou sucção fraca por bomba quebrada, mangueira empoeirada suja nos filtros) ou até com vácuo alto em ar que acelera além destruirá ou deixará os rotores mais soltos oscilando a agulhas a ponto instável em voo perigoso que perde controle visual noturno das retas e atitudes de emergência na leitura cega do instrumento e suas indicações enganosas a pilotagem cega ou IFR!"
conhecimentos_tecnicos,"Para diminuir a indicação do Climb durante sua descida na aproximação com pista sem visada de frente você pode apenas ajustar na coordenação em aproximação estável com ângulo fixo dos manches de forma técnica e segura apenas utilizando, em via indireta mas altamente controladora ou responsável também diretamente em atitude combinada com a RPM, o uso principal mecânico direto prático sem alterar as características da forma dos flapes (mas na sua configuração inicial de subida/potência da hélice), que afeta o perfil final a manete e da:",Redução suave do acelerador (Throttles) de mistura ar ou motor alterando toda sua tração impulsionada ou resistência.,Trava mecânica dos pneus principais e aplicação brutal nos freios antes do solo das duas calotas nas posições esquerda inferior e roda sob bequilha travando roda no vento externo sob efeito induzido arrastado aerodinâmico vertical parasita.,Mudança drástica dos ajustes barométricos no seletor nas caixas de Kollsman no instrumento dos altímetros ao seu centro que compensa e altera ativamente os flapes sem fio na engrenagem remota atrás na hélice acoplada girando no avanço.,Estol induzido de estabilizadores estáticos a cauda sem flapes nos canards traseiros nos estabilizadores.,0,hard,"Potência controla Razão de Subida ou Descida. E atitude nos comandos de arfagem geralmente governa velocidade. Um axioma clássico e prático: acelerar diminui afundamento se não tocar na atitude e tira o avião de descidas perigosas em voos estabilizados, além das mudanças óbvias atitudinais. Menos potência: mais taxa de descida sob as razões estabilizadas!"
conhecimentos_tecnicos,Qual destas afirmações sobre o óleo e viscosidade aeronáuticos e sua coruja e siglas nas latas está certa e coerente e perfeitamente usada com sua aplicação normal em pistas reais térmicas e mecânicas no motor?,"O óleo monoviscoso mineral fino nunca deve esquentar e engrossa na sua forma se a temperatura for muito grande como uma pedra, ele derrete as juntas com a bomba térmica quando congelado numa geleira da asa.","Uma aeronave zero em oficina geralmente nos amaciamentos recebe no motor de início após a saída das prensas do conserto do cilindro na manutenção do óleo puramente mineral simples e não ""Ashless Dispersant (AD)"", e depois passa pro óleo Dispersante AD nas cem horas que recolhem e impedem resíduos cinzas se calcificarem dentro no metal nas paredes lubrificadas lisas após esse tempo mecânico assentado amaciado inicial e necessário.",Não pode operar ou encher óleo nas latas sem ferver num tambor e medir o nível com varetas especiais pois eles são inflamáveis em pressões de ambiente normal na tampa antes de decolagens nos manuais operacionais diários sem as temperaturas acima de vermelho das marcações com luz e com ar!,Todos os fluidos sintéticos finos devem vazar obrigatoriamente sob dreno térmico ao chão assim que girados para tirar sujeiras dos filtros se for vermelho sob luz vermelha nos indicadores do painel a partir do táxi e ao decolar da beira as bordas na marca do 4 ao máximo estático do 8 e das varetas medidoras ao limite.,1,hard,"Para assentar anéis em motores no overhall (TBO zero retificados ou peças novas) usamos um mineral sem detergente nas frotas, causando certo atrito útil e microscópico controlado com restos pra lixar o lugar até ajustar a medida precisa; depois passa-se num trocador (no dreno 50h) ao aditivado dispersante pra sua vida adulta voando com saúde contínua por mil ou mais horas lubrificando os atritos mecânicos rotativos sem borrar motor nos restos de detritos de folgas velhas ao fundo cárter ou peneira."
conhecimentos_tecnicos,"Sobre a manete da Hélice e Manifold em sistema constante de governadores na aviação avançada, se eu quiser mais poder ao motor no nivelamento num jato bimotor/piston e iniciar minha subida eu deveria nas operações nos procedimentos técnicos fazer primeiramente (com segurança sem estressar componentes internos com altíssima pressão sob RPM insuficiente do pistão forçado e travado sob excesso):","Avançar primeiro tudo das polegadas Hg e as borboletas sob potência pura e bruta do manifold ao limite extremo do vermelho ou máximo dos pinos, e se ficar fraco e com ruídos estranhos, empurrar o RPM também à frente ou pra trás ao azul sob som mecânico e ver se vai subindo sem estol de fumaça das asas dos turbos travados vibrando nas molas!","Baixar totalmente ambas seletoras ao idle em marcha lenta e aplicar as misturas na posição total ricas, puxando apenas uma delas em linha de forma que fique na mistura estática ao motor frio estabilizado na subida em V1 e V2 com os limites operacionais.",Avançar RPM e os passos para frente nos manches primeiro (deixando ela girar alto ao azul e girar mais rápido os cilindros para aguentar) e em seguida abrir e empurrar logo ali adiante ao lado do preto acelerador aos poucos sem excesso pra ir ganhando pressões das entradas do coletor MAP sob segurança com menos esforço e torque de explosões ou risco destrutivos pesados sob atrito lento de explosão detonantes contra-eixo e cabeçote.,Não tocar em manetes. Ligar chaves dos imãs e empurrar a empenagem sob estol estático vertical no rádio.,2,hard,"Regra de ouro nas C/S props e potência: Avançar (potência/subir) RPM azul avança-se PRIMEIRO e depois o Gás e pressão MAP (Preto acelerador); Reduzir (potência descendo voo ou alinhar velocidade) o Preto primeiro e DEPOIS a Azul. Senão você enche de pressão a mistura e não deixa ele girar livre e aliviar, forçando paredes na cabeça das bielas, trincando juntas e gerando fadiga precoce sob muita explosão restrita e pouca vazão rotacional da hélice que estava no passo muito pesado!"
conhecimentos_tecnicos,A asa baixa geralmente exibe menos arrasto da junção parasita lateral que num avião de asa alta de cruzeiro na raiz inferior encostada dos aerofólios. Mas existe na asa alta uma vantagem na base física em termos geométricos com a fuselagem suspensa como um pendulo de sustentação onde a gravidade sob esse ponto no CG em voos é uma contribuição notória passiva ou inerente do efeito de:,Estabilidade lateral forte pendular ajudando e compensando de maneira natural atitudinal mesmo que haja a falta em grande ângulo positivo transversal extremo comum conhecido chamado apenas Diedro na asa (ou pouquíssimo grau de angulação necessária que os de asa baixa tem que usar exagerado e curvos para serem firmes em turbulência na rota e voltarem a reta no nivelamento em cruzeiro de rolagens desajeitadas).,Redução incrível instantânea na aceleração de ar quente vindo sob escapamentos das janelas geradores do arrasto em atrito do piso turbulento do estol profundo ou estático rotativo sem asas!,Maior atrito nos flapes com solo e pista durante e logo sobre aproximação com os grandes arrastos nas molas das engrenagens pesadas parasitas com impacto das aves frontais laterais ou arrastos verticais de poeiras nas chuvas.,Torque da hélice de esteira puxando o vento giratório de lado sem encostar e puxando flapes nos cantos.,0,hard,"Aeronaves de asa baixa precisam muito dos ângulos pronunciados dos seus Diedros (asas pra cima na ponta) como um ""V"" a manter estabilidade do seu avião balançado transversal e nivelar e sem sustos na queda das guinadas em curva rolando. As asas mais altas agem e ""penduram"" seu peso principal embaixo sob seus meios nos encaixes longarinas no teto. Então eles se auto regulam e buscam seus eixos e rumos verticais sob efeito inercial pendular do peso em estabilidade!"
conhecimentos_tecnicos,"Magnetos com centelhas independentes são uma engenhosidade que salvou aviões já incontáveis e inúmeras vezes sem luz elétrica desde antes do tempo dos faróis do passado até hoje. Quando giramos a chave para testar no limite a ""Left"" ou o magneto marcado ""Right"" nos cantos do botão, a faísca e a centelha ou energia são desativadas do sistema principal nas velas de outras e assim que isso acontece e atua, o fio aterrado sob comando que drena sua faiscante vital geradora à terra chamamos de chave ou fio de circuito do magneto conhecido e chamado com nome elétrico oficial em esquema de engenheiros como circuito a fio de:",Fusível térmico disjuntor de linha cruzada.,Cabo central mestre coaxial de alternador reverso positivo com retentor sem fio blindado.,Chave do Fio P (P-Lead do contato com aterramento principal de bloqueio que a põe em massa desativando a faísca viva).,Tubo de estator estático com imã em polo no induzido escova comutadora sem relés alternados blindados.,2,hard,"P-Lead é a fiação que aterra os impulsos de ignição do platinado na carcaça. Se este fio de ""terra"" estourar, quebrar ou simplesmente na vibração de soltar na viagem de voo sem notarmos sua fuga na tomada da parede isolada, mesmo desligando todas as chaves aos ""Off"" no pátio para ir dormir a hélice FICA com a arma e faísca armadas de imãs ativas e vivas chamadas hélices ""Hot""! Qualquer toque ali acidental de calço com um cilindro vaporizando o último gás na parada pode explodir ligando e bater cortando uma mão do homem de solo com um único giro forte!"
conhecimentos_tecnicos,"Numa bomba elétrica rotativa movida a pressão os instrumentos indicam aos rádios que a chave Mestre do Battery no On foi ligada nas manetes com carga baixa após longo voo na descarga alternador nas neves nas regiões de montanha fria; mas para ligar em segurança sem afogar vela se liga primeiro, se houver, numa partida externa o cabo dos carrinhos no hangar com APU externo ligados nas tomadas grandes brancas fixadas que fornecem amperagem monstruosa do gerador nas posições laterais ao avião e este ""ponto"" em formato oval da tomada nas aeronaves é popular ou formalmente nos cabos terrestres do solo do mecânico como receptáculo com pino chamado receptáculo fonte de GPU do:",External Power Receptacle ou plug da fonte Externa na GPU.,Fio cego do gerador pneumático no ar cego.,Parafusos sob porca aterrada com mola nas antenas sem força auxiliar traseira na linha dos reles da cauda isolados estáticos no solo para recarregar pneus com gás e imãs nos fios dos tubos.,Cordoalha nas travas do acelerador reverso sob as portas.,0,easy,"A external power ou ""GPU"" External power supply connector dá um empurrão elétrico externo (uma bateria enorme que empurrará partida sem matar sua pífia energia e reserva bateria no congelamento dos invernos quando elas têm zero química gerando energia num clima frígido severo ou drenadas nos rádios e rampa na manutenção prolongada e paradas por semanas no teste da sirene)."
conhecimentos_tecnicos,A hélice instalada para tracionar não gira em um vácuo no ar de esteira das suas massas fluidas da frente dos bicos dos seus spinner; na verdade cada pá na sua forma torcida giratória funciona nas físicas das moléculas de forma de tração num conceito idêntico que empurram os veículos e geram pressão vertical aerodinâmica idênticos em toda aeronáutica exatamente como:,Remos achatados rasos sem as inclinações de espelhos curvos redondos de escudos sem perfil ou formato aerodinâmico ou as curvaturas normais achatadas laterais e iguais dos lados planos sob um estol vertical.,"Pequenas asinhas laterais rotativas, já que o aerofólio das pás funciona exatamente pela Lei de Bernoulli produzindo Sustentação mas puxadas pra frente, sendo portanto elas mesmas duas ""asas"" que puxam ou impulsionam o avião girando suas massas sustentadoras.",Um simples disco liso lixado chapado girando de metal que vibra em sons cortantes por ondas contínuas magnéticas atraindo e abrindo com aquecimento e vácuo buracos no vácuo no espaço dos radares com imãs que as sugam para frente puxadas pela estática sem atrito e com magnetos e velas no ar atmosférico estático!,Garfos invertidos cortantes ou engrenagens com buracos para passar a velocidade das poeiras térmicas aerodinâmicas num mergulho espiral de turbina livre em queda contínua paralela.,1,easy,"A hélice é uma ASA (em forma miniatura torcida do cubo até na fina ponta veloz que fende o ar cortante). Girando muito rápido produz a área de sustentação e diferencial de altas e baixas pressões (em vez de levantar, arrasta/sustenta ou impulsiona e chupa com força propulsiva à frente o equipamento com tração). A torção é fundamental na hélice porque a ponta mais distante gira muito mais rápido nos centímetros em distância num minuto do que as partes perto grossas no centro lentas, e isso iguala a tração e empuxo nela inteira por todos lados sem quebra-la no desequilíbrio e estol dos arrastos nos eixos da manivela ao torque rotacional!"
conhecimentos_tecnicos,Para dar a ignição ou centelha de partida no giro na alavanca principal ao apertar Starter na mola do painel de partida nos grandes motores nos primeiros tempos (onde magnetos ainda eram muito fracos em suas baixas rotações ao iniciar o primeiro giro com as pás tracionadas pela mão) os aviões com sistema possuem muitas vezes pequenos dispositivos em seu auxílio automático chamados vibradores e engrenagens adicionadas auxiliares (no corpo elétrico magneto ou perto do acionador mecânico dele atrás das engrenagens da parede) nomeado e popularmente conhecido e que as estala ativamente nas partidas no pulso em nome mecânico em inglês como os chamados acoplamentos de platinados dos engates magnéticos ou de mola:,O gerador dos faróis de strobe com alternador fixo dos tubos estáticos da cauda e trem do reverso da hélice em embraiagens fixas no passo da cames inferior com biela na saia do anel estático liso interno sem dreno em magneto.,"O acoplamento Impulse (Impulse Coupling) no fundo do eixo do magneto da parede que trava momentaneamente nas ranhuras de uma mola apertando a bobina no magneto, retardando centelha na posição segura do tempo da manivela lenta sem perigo do coice retroceder e depois soltando e atirando como um tiro numa corda de um arco nas faíscas num ""clack"" veloz intenso as bobinas giratórias que criam no mesmo segundo do impacto alta tensão mesmo nas lentas baixíssimas rotações de partidas a manivela lenta fria em giradas do arranque!",Válvula de controle do dreno do trem retrátil hidráulico ou da válvula manual mestre do escoamento principal dos combustíveis nos tanques.,Tubo medidor da mistura da mola sob termopar cego acoplado nas linhas de alta resistência elétrica estáticas de voltagem de bateria e flapes sem alternadores blindados no cárter estendido na saia térmica do anel raspador central estendido ao topo sem estol mecânico pneumático central reverso da válvula bypass.,1,hard,"Impulse Coupling faz dois trabalhos muito importantes essenciais de partida na ignição em pistões aeronáuticos e hélices grandes com lentidão inercial fria: primeiro ele ""segura"" e atrasa (atarda em tempo) o ponto de fogo do platinado na vela num momento mais pra trás da posição alta ""Top Dead Center (TDC) nos ângulos iniciais sem avanço para não haver retorno explosivo perigoso e estalos (backfires)"" nas partidas arruinando os arranques; além de esticar uma mola giratória enquanto segura e a ""chicoteia girando rápido num estalo forte e alto"" o próprio imã para que cruze em um raio minúsculo de tempo o campo as espirais e bobinas nas placas pra acender num super e estrondoso e gigante disparo as centelhas poderosas num motor congelado num RPM menor que só de arranque em cento e poucas voltas sem velocidade de magneto vivo."
conhecimentos_tecnicos,"A formação de gelo tipo claro, cristalino ou translúcido liso aderente e invisível e liso como pedra na asa é um perigo aerodinâmico fatal por dois motivos (além do peso) o pior das situações críticas se encosta não só na gravidade do seu peso sobre aerofólios com superfícies transparentes ao visual de janela de voo ao escuro ou estol sem ruído prévio do seu aumento com grandes crostas irregulares e afiadas alterando bordos, mas nas condições destrutivas e catastróficas aerodinâmicas sobre estóis na camada laminar lisa sem turbilhonamentos (clear ice) que atua drasticamente assim:",Ele derrete e evapora na hora em gotículas na camada exterior da tinta ou resina não criando a resistência ou alteração estática sobre atritos e aumentando só as manobras laterais na rolagem de leme suave dos cabos em ar quente das descidas sem atitude perigosa com menos impacto!,"O gelo claro forma-se de maneira fina, mas deforma brutalmente sem que você veja por trás, e seu pior inimigo é que o peso desproporcional destrói muito rapidamente na mudança ou destruição completa a suave superfície perfilada perfeita em formato de ""gota"" ou perfil dos aerofólios e destruindo assim completamente sua eficiência nas leis de sustentação laminar suave gerando o ""estol liso prematuro sem estol vibratório"" e derrubando as forças aerodinâmicas abruptamente em altas velocidades!",Faz o compensador dos ailerons se abrirem ao meio com o calor por inversão das massas frontais de baixa pressão e arrastos parasitas magnéticos da neve caindo que aumenta atritos sem fim ou a velocidade.,Atrai relâmpagos e desliga os tubos giroscópios por excesso induzido nos tubos cegos das luzes strobes refletindo o calor e o som na asa que as congelam instantaneamente em estalactites curtas nas luzes vermelhas em VFR cego nos flapes a baixas atitudes!,1,hard,"A deformação laminar em asas do tipo fina sob congelamentos Clear Ice ou Gelos cristalinos nas frentes frias chuvosas extremas em inversões é o evento estático destrutivo com as gotas e gotículas que batem (com temperaturas frias de congelamento lento), rolam devagar aderindo sem ar e congelam duras nas asas (não iguais na formação branca granulada e ríspida rime). Ele lisa de forma opaca ou transparente o metal formando uma montanha em cunha em formato diferente deformando ou quebrando inteiramente as formas contornadas que fazem ar segurar o avião que despencam feito pregos! Se você vê-lo e ele estiver lá escondido, sem botas degeladoras acionadas (de-icing boots em frotas pressurizadas a pistão de voos IFR complexos), o piloto necessita mudar altitude com o calor sob e na superfície imediatamente, do contrário perde toda sustentação e avanço em alta taxa de estol mortal num mergulho de forma em poucos e ínfimos curtos e poucos minutos irreversível na montanha!"
conhecimentos_tecnicos,"O que pode significar uma brusca variação anormal, tremedeira ou ponteiro trêmulo nas pressões dos fluidos da bomba hidráulica da engrenagem do freio do trem central na rampa principal do painel analógico enquanto as manetes, as hélices, atitudes, velocidades e as luzes permanecem na operação normal estabilizados?","Voo IFR sendo efetuado normalmente, nada anormal pois pressões com fluídos a alta atitude fervem, vibram oscilam nas linhas dos freios caindo pra zero no instrumento ou máximo a todo momento quando recolhidos perfeitamente quentes pelas ventoinhas laterais de ar no vento sem calotas!","Pode estar entrando e havendo fuga do óleo e misturado e cavitando com bolhas ou falta e pouco fluxo constante intermitente com pouco líquido nos cilindros geradores principais em falhas na linha nos anéis com os desgastes na vedação dos o-rings nos pistões no reservatório de alívio mestre, que ao acionar ou manter retração do óleo empurra pulsos com gases ao seu lado instáveis da sua linha pressurizada oscilante não amortecendo os manômetros giratórios e seus engates!",Um avanço da bússola giratória com o desvio de variação de inclinação lateral das marcações em 3 ou 5 graus magnéticos que treme por arrasto mecânico os rádios do painel acoplado ao freio central dos cilindros de flapes nos pousos reversos cruzados nas asas retas transversais num mergulho na manobra do estol!,Tudo nos conformes operacionais térmicos de alta performance dos bimotores na navegação aérea magnética giroscópica sob a turbulência ou com ventos de cauda no mar aberto nas costas das cadeias orográficas térmicas a ar das ilhas sob céu azul sem nuvem e luz ou nevoeiro sem estol laminar das bolhas magnéticas das radiais em VFR do radar e com rádios desligados das frequências emergenciais a bordo das companhias com controle.,1,hard,"As indicações instáveis, flutuantes e saltitantes de linhas sob medições hidráulicas normalmente (não sendo um sensor pifado a parte, sendo num motor e sistema reais físicos fluídos mecânicos nos tubos da aeronave) referem-se ou implicam que nas bolsas ou galerias dos fluidos há mistura do vácuo no fluxo nas tubulações nas bolhas do vento na tomada em sucção dos tanques esvaziados em ar falso. Ou mesmo há desgaste de uma falha das borrachas internas nos acumuladores do reservatório principal desestabilizando e rompendo em surtos nos diafragmas de amortecimento hidráulico que seguravam com força constante, precisão de ponteiro no estabilizado sob manômetro sem tremidas visuais sob alta e média e baixa carga de bomba nas operações do ar contínuo pressurizado nos freios!"
conhecimentos_tecnicos,"A hélice reversível em aviões a turbina e alguns motores modernos ou bimotores nos pátios ou pousos com neve ou nas águas da aquaplanagem ou pra ajudar manobras tem a utilidade máxima extrema com freios ineficientes quando as alavancas passam a posição abaixo das posições do idle entrando nos ""gaps"" traseiros nas chamadas marcações reversas do ""beta mode"". Que alteração geométrica brutal as hélices nessas condições fazem quando acionadas para esse estágio especial de passo mecânico nela ao frear aerodinamicamente as aeronaves e jogar o vento avante nas manetes num grito de potência sob ruído invertido no assovio das pás nos toques no cimento das rolagens curtas da pista sem sair dela na chuva lisa com água aos rios molhados ou as poças nas frenagens máximas seguras ao táxi curto em linha?","Simplesmente não faz nada, ela para e deixa apenas a resistência inercial parasita reta do bloco agir como roda travada em arrasto, como mola nas hélices.","O sistema com engrenagens ou pino no cubo interno inverte as angulações geométricas das suas próprias pás forçando os próprios perfis (que tem suas cambagens originais focadas pro avanço aéreo de empurrar pra frente tração) que girarão nas molas ao passo além na faixa negativa ou seja, empurra as moléculas violentamente contra e na direção para a frente no seu nariz (invertendo de fato o eixo tracionado da corrente livre das massas do fluxo traseiro para sentido avante das carenagens ao cone ou spinner frontais) em um vetor oposto da frente agindo sob potência aplicada retardando enormemente ou impulsionando o avião no reverso do sentido e empuxo de manobra pra sua cauda para parar ou rodar no próprio chão num raio de ré mecânica segura!",Ela entra em RPM azul ou arco vermelho extremo até vibrar como discos planos lixando e gerando o arrasto laminar horizontal com o diedro nas pernas no eixo fixo lateral do estabilizador de guinada ou de estol reverso na cauda nos lemes parados mecânicos paralelos nos rotores frontais!,Recolhe o trem central enquanto desce totalmente com a mola a ponta as pás no asfalto lixando na borracha com a asa batendo e roçando na roda na frente até frear num coice aerodinâmico vertical que estabiliza sob o manche todo no leme até parar com o nariz raspado de estol induzido de rosca no atrito e do flap que reverte a mola solta em ré na gravidade.,1,medium,Ao acionar Reverse Pitch as pás literalmente rodam de perfil sob ângulos negativos (passam do zero de corte flat pitch de arrasto nos mergulhos ou embandeiradas da parada para o reverso) passando seu empuxo vetorial gerado rotacional do lado do puxar para frente na ré! Isto é empurra de forma invertida todo o avião maciçamente jogando todas toneladas com ventanias pra sua direção dianteira agindo junto com motor do que arrastar-se com as rodas patinando que freiam e se quebram!
conhecimentos_tecnicos,"A ""pressão estática"", nos aviões captadas pelas portas em formato pequeno liso e redondos (static ports) em lugares laterais muito específicos escolhidos pelos desenhistas e fixadas ao redor ou nas superfícies aerodinâmicas isentas ao ar e impactos das tomadas nas suas chapas de metal, alimenta de dados diretos três (3) equipamentos mais importantes de leitura sem uso nas eletricidades ou no vácuo giroscópico, essenciais. Esses formidáveis tubos do pitot estático nos consoles de aviões primários básicos na instrumentação comum dos táxis e voos visuais básicos convencionais formam na instrumentação pneumática analógica, sem errar um apenas nas marcações ou faltas das informações visuais nos voos sem tela (na configuração correta a clássica):","Tacômetro dos RPM nas rodas, pressão no cilindro número um (MAP) e horizonte cego elétrico no giroscópio do T&B.","Velocímetro nas asas, Inclinômetro em bolhas e radar GPS rádio no satélite estático com bússola lateral sem giro dos ímãs terrestres da torre!","Velocímetro na entrada dinâmica, Relógio na mola, bússola nas janelas com termômetros e giro no manche da bomba com dreno nos tanques de gasolina das pontas.","Altímetro (sensível), Climb ou VSI (indicador da taxa da razão vertical), e o Velocímetro (Anemômetro no Airspeed na combinação pitot total dinâmica estática referencial)!",3,easy,"Sistema de pressão estática nas aeronaves operam juntos alimentados por pequenos tubos capilares as cápsulas barométricas dentro: do Altímetro (altitude ao mudar volume interno nas expansões capsuladas no aneróides em vácuo pela entrada de pressão baixa fora em altura nas linhas); o Climb, que capta e mede via tubo capilar ou ""furo calibrado no gargalo com vazamento"" apenas na taxa das descidas/subidas da expansão rápida em tempo, antes de igualarem no relógio por pressões de voos estabilizados num cruzeiro na mesma pressão; e o Velocímetro no referencial onde junta essa estática subtraída isolada oposta e contrária no diafragma a força pura bruta na tomada no vento de cara gerando indicações no diafragma e sua engrenagem que expande a agulha por velocidade no mostrador (Airspeed Indicator) com total e absoluta confiança cega da pilotagem IFR das taxas ou estóis fatais da rampa."
conhecimentos_tecnicos,"A linha vermelha fixada estática no limite final que vemos sempre contínua nas marcações redondas ao longo de escalas dos vidros curvos pintados em velocímetros analógicos básicos das cabines convencionais nas aeronaves nas escolas monomotoras no avião (não nos arcos amarelados ou faixas limitadas brancas das manobras verdes limpas ao meio cruzando o arco da margem das tolerâncias mas aquela vermelhinha pequena vermelha a risca na parede), é uma margem absoluta extrema na qual ultrapassá-la pode ou certamente vai significar em poucas dezenas em voo num segundo rápido no ar os seguintes fatores críticos mortais e fatais para sua estrutura se entrar em mergulhos em atitudes sem motor de rolagens cruzadas irrecuperáveis e incontroláveis com arrasto ou flapes baixados fora das restrições indicadoras, chamadas e com velocidade codificadas aerodinâmicas de letras normativas pela engenharia e conhecidas de todos por que nome de código em projeto da aeronáutica e sua descrição exata nas letras de teste da certificação oficial sem errar?",É chamada Vx; que significa simplesmente um fator sem limites do arrasto em asas livres com estol térmico ao ar.,Vy ou seja; Velocidades seguras que garantem máxima visibilidade nos céus sem dano algum nos flapes dos trens de descida seguros no planeio dos pousos com 1 motor!,"É a famosa Vne (Never Exceed Speed ou Velocidade Nunca Exceder)! Representa na placa ou no vermelho extremo o limite crítico do projeto elástico em aerodinâmica que jamais, em tempo algum, clima ameno ou tenso, sob riscos altíssimos de colapsos violentos por falha na estabilidade, fadigas fatais nos metais deformando lemes asas e aletas e do flúter (flutter: vibrações harmônicas de autoexcitações explosivas arrancando os rebites das peles fora do ar nas caudas nos arrastos das rolagens), deve se cruzar ou voar nos testes, na prática ou manobras extremadas de fugas aos mergulhos das linhas do vento!",Vr nos mergulhos ou velocidade estática do reverso da hélice (V ref das aproximações lentas e paradas na reta de flapes em emergências em céus e teto claros com trem retrátil girando sem pressão hidráulica dos fluidos no tubo das bombas que acionam em arco inferior de segurança o leme da deriva sem cabos no fundo!),2,easy,"A Red Line, o risco vermelho. Velocidade VNE não se deve passar e deve ser evitada sempre com as manetes atrás num arco descendo na margem do amarelo por sobressaltos e os aviões desmontam aerodinamicamente sob seus ventos de arrasto além daquilo! A vibração em flúter torce painéis e chapa as carenagens das asas de forma contínua crescente ressonante que pode facilmente rachar vigas mestras."
conhecimentos_tecnicos,"A manete da mistura controla a relação combustível/ar. Em decolagens de aeroportos situados em grandes altitudes (alta elevação, ar rarefeito), antes da corrida na pista, o piloto DEVE e PREFERENCIALMENTE PRECISA na verificação dos giros na preparação segura para não perder todo o avanço do poder térmico de sua admissão rotacional de explosões pesadas engasgadas das pressões em arrasto nos motores (mesmo com os pistões cheios e bombas ativas):",Avançar a manete totalmente para frente (Full Rich - rica) para esfriar motor gelado com pouca gasolina fluindo num mar sem bolhas cegas no tubo do carburador seco sem bomba ou com estol nos dutos.,"Empobrecer a mistura de acordo com os manuais para aquela altitude da pista. Se decolar na mistura plena ou máxima ""Full Rich"" no ar já rarefeito da elevação montanhosa lá em cima, entrará excesso muito rico e grave de combustível sobrando num vácuo que vai afogar e ""apagar"" o motor numa tosse gasta e falhada sem oxigênio denso e não gerará os HPs essenciais ao torque final e decolagem arriscada longa com peso máximo cruzando o obstáculo sem subir as manetes caindo de barriga ou morrendo pela falta da explosão que queime sem ar! O arranjo das octanas vai desequilibrar todo e poluir de imediato a vela nos contatos com graxas negras dos carvões na reta!","Trancar as portas do seletor alternativo do painel de ar, cruzar a rota de voo IFR e misturar oxigênio médico das cabines pressurizando nos botões cego nos injetores nos tanques para alimentar a bomba nas misturas e rolar os faróis elétricos.","Puxar de forma imediata flapes cheios 40 graus com hélice em passo máximo (bandeira ou penas em repouso), para aquecer e misturar água e combustível rico de forma controlada a gerar vapor de energia nos injetores pneumáticos.",1,hard,"Mistura Rica (Full Rich) é para decolar no nível do mar onde o ar é denso, comprido e farto ou frio que alimenta todas aquelas proporções de gás na injeção ou no venturi; porém nas pistas de alta elevação nos alpes, andes, serras muito elevadas o ar lá fora já está tênue e ralo e muito menos e muito pouco oxigênio denso ou rarefeito do que o fluxo nos gases de combustível entrando aos montantes iguais da manete no full, o que deixa de forma grosseira tudo MUITO ""Rico demais"" nos bicos, matando o fogo limpo da mistura e produzindo a queima em fumaças sujas que afogam toda vela apagando de vez na corrida. Em aeroportos muito muito altos, nós devemos empobrecer bastante o misturador antes no ponto fixo nas acelerações sob teste ou com as calculadoras na mão para achar a rotação e força máximas precisas no RPM de tração ""Max Power"" (geralmente nos exatos RPM com pico seguro ""Leaning for Peak RPM"" que o termômetro ou painel EGT acusa), de modo a ajustar no fino a queima correta com aquele ar fino ralo da montanha mantendo motor produzindo HP livre sem engasgar no meio de uma curta!"
conhecimentos_tecnicos,"A asa de um avião sofre torções enormes. As nervuras dão a forma e o formato no contorno que cria e produz arrasto laminar aerodinâmico ou a pressão negativa que sustenta (aerofólio). Mas qual componente corre por todas elas (na envergadura inteira ou principal atravessando da raiz nas laterais ou emenda à ponta) absorvendo cargas G positivas nas subidas de rolagens bruscas nas acrobacias e a carga total contínua estruturada forte contra as quebras e dobras, atuando basicamente igual a espinha de sustentação central da estrutura mestra de um avião convencional da frota?",Estabilizadores ou compensadores fletidores.,Cabos aéreos sem esticadores de voo térmico na fuselagem do estator.,O duto principal estático elástico contendo vácuo nas pressões alternadas de combustível do sistema da asa blindada.,A(s) Longarina(s) - Main Spar - a viga de reforço reta contínua metálica de sustentação máxima de resistência das asas de ponta a ponta e na montagem dos trens pesados encastrados e alojamentos ou tubulações pesadas sobre as próprias asas sem torcer ou curvar de colapso.,3,easy,"A longarina ou spar é a peça número 1 na força viva de uma asa flexível! É essa ""barra de aço"" de perfis avançados espessa que segura as trações e aglomera a junção firme entre toda a fuselagem de um lado e ao outro segurando todo o peso com 10, 50 até centenas de toneladas levantadas e sacudidas em turbulência no céu sem rachar a asa num estalo seco!"
conhecimentos_tecnicos,"Por que aviões de trem de pouso triciclo tendem a ter, no geral e operacionalmente prático em pousos cruzados em rampa em pistas curtas, vantagens superiores de controle direcional no solo contra a manobra errática instável brusca de guinada fatal em rolo giratório mortal sobre asa rotacional na roda traseira fora do prumo do CG ao tocar, chamada popularmente a antiga técnica clássica nas derrapagens ou ""Cavalos de Pau"" violentos (Ground Loop) frequentes que vemos comuns aos clássicos ou Taildraggers convencionais?",Porque a roda do triciclo freia apenas em passo reverso trancando molas sem pedais atuarem aerodinamicamente.,"Em triciclos o Centro de Gravidade (CG) físico fica convenientemente sempre em posições adiante (na FRENTE) em relação às rodas principais de sustentação da traseira e dos freios no principal. Logo a inércia em curvas empurra o avião com o nariz numa ""arrastada"" em traçado de forma mais mansa e direcional ou alinhada ""puxando as cordas pra trás sem as jogar cruzadas com efeito invertido giratório de roda presa das caudas em leme inerte sobre massa de arrasto"" evitando ao máximo por inércia os efeitos rotacionais perigosos violentos laterais aos toques acidentados de derrapagem!","Triciclos possuem rodinhas em cima e abaixo gerando menor sustentação aerodinâmica, permitindo estol vertical.",O taildragger recolhe e fura o vento quente do estator enquanto triciclos mantêm apenas a manete girando na rampa com hélice em repouso paralelo fixo no leme compensador rotativo sem efeito torcional estático giroscópico do passo longo dos anéis.,1,hard,"A localização e o balanço do CG atrás das duas rodas principais no trem clássico convencional causam esse efeito desestabilizante de pêndulo instável que a cauda grande de peso imenso sem eixo ou travas queira te ultrapassar se você balançar uma vírgula num táxi forte, ""Ground-loop"", no pouso; no moderno o CG está bem seguro amarrado e balançando mais ou menos na FRENTE puxado e guiado pelas rodas do nariz onde estabiliza igual um dardo arremessado arrastando e tendendo naturalmente voltar com tudo ao alinhamento reto e contínuo livre em freagens fortes com guinadas brandas sob eixos!"
conhecimentos_tecnicos,"A hélice instalada em um motor produz tração convertendo a potência do motor em empuxo aerodinâmico. Em um perfil de pá de hélice, a face curva (dorso) é equivalente ao:",Bordo de ataque.,Intradorso da asa.,Extradorso da asa.,Bordo de fuga.,2,easy,"A hélice é um aerofólio giratório. A face convexa ou curva (que geralmente fica voltada para a frente, na direção do voo) equivale ao extradorso da asa, onde a pressão do ar é reduzida."
conhecimentos_tecnicos,"O uso prolongado da mistura rica (Full Rich) em altitudes elevadas, onde o ar é rarefeito, causa qual problema principal no motor a pistão?",Superaquecimento das cabeças dos cilindros e derretimento dos anéis.,"Carbonização excessiva nas velas de ignição (carbon fouling), causando falhas na centelha e funcionamento irregular do motor.","Aumento da pressão de óleo, forçando a válvula de alívio.",Aceleração excessiva e disparo incontrolável da hélice.,1,medium,"Em altitudes elevadas, a falta de oxigênio torna a mistura ""rica"" demais. O combustível não queima completamente, deixando depósitos de fuligem e carbono nas velas, o que pode causar falhas de ignição (motor engasga)."
conhecimentos_tecnicos,Qual a principal vantagem da hélice de velocidade constante (Constant Speed Propeller) em relação à de passo fixo?,Ela não requer governador e funciona puramente pela força centrífuga das pontas das pás.,Ela aumenta o passo automaticamente durante mergulhos para frear a aeronave.,"Ela permite que o motor opere em sua RPM de máxima eficiência em diversas condições de voo (decolagem, subida e cruzeiro).",Ela diminui o peso no nariz da aeronave.,2,medium,"Ao ajustar o passo automaticamente, a hélice de velocidade constante ""morde"" a quantidade ideal de ar para manter a rotação selecionada constante, permitindo extrair a melhor performance do motor em qualquer velocidade ou atitude."
conhecimentos_tecnicos,Em qual ciclo térmico (fase) de um motor a quatro tempos ocorre o salto da centelha elétrica gerada pelas velas?,Exatamente no ponto morto inferior do tempo de admissão.,No início do tempo de escapamento.,Próximo ao final do tempo de compressão (antes do pistão atingir o ponto morto superior).,Durante a totalidade do tempo de expansão.,2,easy,"A ignição deve ocorrer ligeiramente antes de o pistão alcançar o Ponto Morto Superior (PMS) durante o curso de compressão. Isso é conhecido como ""avanço de ignição"" e dá tempo para a mistura inflamar completamente."
conhecimentos_tecnicos,"Se o aquecimento do tubo de Pitot (Pitot Heat) não for ligado durante um voo sob condições de formação de gelo, qual instrumento será primariamente afetado por indicações falsas?",Velocímetro.,Altímetro.,Climb (VSI).,Giro Direcional.,0,easy,"O tubo de Pitot mede a pressão de impacto (dinâmica) e está conectado unicamente ao velocímetro. Se entupir com gelo, o velocímetro dará leituras errôneas (frequentemente agindo como um altímetro)."
conhecimentos_tecnicos,Uma falha no sistema de vácuo (suction pump) de uma aeronave leve desabilitará as indicações corretas de quais instrumentos?,Altímetro e Velocímetro.,Giro Direcional (Heading Indicator) e Horizonte Artificial (Attitude Indicator).,Climb e Turn Coordinator.,Bússola Magnética e Turn and Bank.,1,medium,"Em aeronaves leves convencionais, a bomba de vácuo aciona o Giro Direcional e o Horizonte Artificial. O Turn Coordinator geralmente é acionado eletricamente."
conhecimentos_tecnicos,"No instrumento Turn and Bank (ou Turn Coordinator), a bolha de líquido no tubo curvo serve para indicar:",A atitude do nariz em relação ao horizonte.,O grau exato de inclinação lateral em graus magnéticos.,"A qualidade (coordenação) da curva, indicando se a aeronave está derrapando ou glissando.",A taxa angular e a velocidade verdadeira da aeronave.,2,easy,"O inclinômetro (a ""bolinha"") indica o balanço entre a força centrífuga e a gravidade. Bolha no centro = curva coordenada. Bolha para dentro da curva = glissagem. Bolha para fora = derrapagem."
conhecimentos_tecnicos,"A ""pressão de admissão"" (Manifold Absolute Pressure - MAP) em motores convencionais mede a pressão absoluta da mistura ar-combustível:",Antes da válvula borboleta do carburador.,"No duto de admissão (coletor), entre a válvula borboleta e as válvulas de admissão dos cilindros.","Dentro da câmara de combustão, logo após a centelha.",No tubo de escapamento (coletor de escape).,1,medium,"O MAP gauge mede a pressão no coletor de admissão. Quando o motor está parado, ele marca a pressão atmosférica do ambiente. Ao funcionar, indica o nível de pressão da mistura sugada para o motor (ou forçada, no caso de motores superalimentados)."
conhecimentos_tecnicos,Por que o uso excessivo ou incorreto da manete de potência (Throttle) causando altas pressões de admissão combinadas com baixa RPM deve ser evitado?,Porque pode resfriar o motor muito rapidamente e causar falha nas molas das válvulas.,Para evitar um esforço excessivo no virabrequim e nas bielas (sobrecarga interna) e prevenir a detonação.,Porque a hélice de velocidade constante entrará em estol de forma irreparável.,Para garantir que o compensador de arfagem não seja danificado.,1,hard,"Alta pressão de admissão (muito ar/combustível entrando) com baixa RPM gera enormes pressões dentro do cilindro (muita força mas pouca vazão). Isso força excessivamente as partes móveis (bielas, mancais) e eleva a chance de detonação e fadiga mecânica prematura."
conhecimentos_tecnicos,"Durante o voo noturno, a utilização constante do tubo de aquecimento do pitot consome energia da bateria se o alternador falhar. O sistema elétrico da aeronave é protegido contra sobrecargas por:",Cabos blindados anti-estáticos.,Reguladores de pressão mecânicos.,Disjuntores (circuit breakers) e fusíveis.,Válvulas de alívio térmico.,2,easy,"Fusíveis e disjuntores (circuit breakers) abrem o circuito elétrico e interrompem o fluxo de corrente caso haja um curto-circuito ou sobrecarga, prevenindo incêndios ou danos a componentes caros."
conhecimentos_tecnicos,"A ""velocidade de estol"" da aeronave aumenta à medida que:",A temperatura do ar diminui consideravelmente.,A inclinação em curva (ângulo de rolagem/bank angle) aumenta ou o peso da aeronave aumenta.,O centro de gravidade se desloca para a posição mais traseira permitida.,O ângulo de ataque se mantém constante e a potência é elevada.,1,medium,"Em uma curva acentuada, a sustentação total precisa ser maior para compensar a força centrífuga (o fator carga G aumenta). Logo, o avião tem que voar mais rápido para gerar essa sustentação extra, aumentando a velocidade de estol. O peso elevado também tem o mesmo efeito."
conhecimentos_tecnicos,A maioria dos motores a pistão aeronáuticos atuais empregam sistemas de ignição duplos (dois magnetos) porque isso proporciona redundância e:,Menor consumo de óleo do cárter.,Mais rápida resposta à aceleração do avião.,"Melhor e mais completa queima da mistura ar/combustível no cilindro, melhorando a performance do motor.",Redução do desgaste dos rolamentos de fricção das bielas.,2,easy,"A dupla ignição acende a mistura por dois lados da câmara de combustão simultaneamente, promovendo uma queima mais eficiente e uniforme e extraindo mais potência do mesmo volume de mistura."
conhecimentos_tecnicos,"Se a aeronave tem propensão de guinar (virar o nariz) para a esquerda devido ao torque do motor em decolagens e subidas (efeito P-factor, fluxo helicoidal, etc), que comando o piloto utiliza para corrigir e manter a reta?",Aileron para a direita.,Profundor para baixo.,Manete de potência reduzida.,Pedal (leme de direção) para a direita (Right Rudder).,3,easy,"A tendência natural de aeronaves de hélice girando para a direita (vistas de dentro) virarem o nariz para a esquerda sob alta potência e alto ângulo de ataque é controlada aplicando pressão no pedal direito (""Right Rudder"")."
conhecimentos_tecnicos,Os amortecedores presentes no trem de pouso triciclo de pequenas aeronaves que absorvem o impacto do pouso e o peso da aeronave durante o táxi geralmente utilizam qual princípio de atuação?,Exclusivamente por molas espirais de alta tensão em fendas de magnésio.,Princípio óleo-pneumático (sistema amortecedor com mistura de fluido hidráulico e nitrogênio ou ar comprimido).,Exclusivamente pneumático com ar canalizado pelo tubo de Pitot.,Amortecimento inercial giroscópico reverso.,1,medium,"Muitos trens de pouso usam hastes ""Oleo Strut"" (amortecedores óleo-pneumáticos) onde a câmara superior tem ar comprimido (para atuar como mola absorvendo os choques de táxi) e a câmara inferior tem óleo empurrado através de orifícios pequenos (amortecendo a energia do pouso pesado)."
conhecimentos_tecnicos,"Qual dispositivo aerodinâmico é utilizado primariamente para frear a aeronave após o toque na pista ou reduzir a sustentação em voo, geralmente levantando painéis na superfície superior das asas?",Spoilers (Destruidores de Sustentação).,Flapes fenda.,Slats ou slots no bordo de ataque.,Compensadores de leme de profundidade.,0,easy,"Os spoilers, quando abertos na parte de cima da asa (extradorso), ""quebram"" o fluxo suave do ar, destruindo parte da sustentação ali gerada. Isso ajuda a aeronave a frear no solo transferindo mais peso para os pneus e reduzindo a flutuação."
conhecimentos_tecnicos,A velocidade de referência na aproximação final com todos os flapes e trens baixados é conhecida comumente e denotada pela sigla:,Vfe (Velocity of Flaps Extended).,Vno (Normal Operating Speed).,Vref (Reference Speed for final approach).,Vne (Velocity Never Exceed).,2,medium,Vref é a velocidade de referência que o piloto deve manter cruzando a cabeceira da pista (ou na aproximação final) em uma configuração específica de pouso. É usualmente 1.3 vezes o valor de Vso.
conhecimentos_tecnicos,"Para medir a temperatura de queima exata (e ajudar na mistura mais precisa) da mistura ar/combustível dentro dos cilindros ou no escapamento, a aeronave dispõe de um indicador de temperatura dos gases de escape. Qual é a sigla comum desse instrumento?",EGT (Exhaust Gas Temperature).,CHT (Cylinder Head Temperature).,OAT (Outside Air Temperature).,TAT (Total Air Temperature).,0,easy,O EGT usa um termopar inserido no coletor de escape para medir diretamente a temperatura dos gases que saem do cilindro. Ajuda muito os pilotos a empobrecer a mistura de maneira extremamente precisa e eficiente (encontrando o ponto de pico térmico).
conhecimentos_tecnicos,"Os ailerons produzem guinada adversa. Para ajudar a mitigar esse efeito mecanicamente pelo próprio projeto do avião, sem ação do piloto, os engenheiros muitas vezes projetam os ailerons com:",Movimento diferencial (onde o aileron que sobe levanta mais do que o aileron que desce).,Carga de chumbo interna.,Um limitador elétrico de curva travando o leme seletivo.,Sensores de pressão estática nas dobras da dobradiça.,0,hard,"Ailerons diferenciais sobem uma distância maior do que o aileron do lado oposto desce. O aileron levantado (que entra na corrente de ar sobre a asa) gera arrasto parasita adicional na asa interna da curva, anulando ou reduzindo a guinada adversa."
conhecimentos_tecnicos,"Qual dispositivo na extremidade da asa é empregado em projetos aeronáuticos modernos para reduzir os vórtices de ponta de asa e, consequentemente, o arrasto induzido, além de melhorar o consumo em cruzeiro?",Cowling (Carenagem principal).,Winglets ou Sharklets.,Vortex Generators no bordo de ataque.,Tubo de estator da cauda reversa.,1,easy,"Winglets (aquelas ""aletas"" voltadas para cima na ponta da asa) atuam como uma barreira que impede o ar de alta pressão do intradorso de contornar livremente para o extradorso, enfraquecendo assim a energia do vórtice de ponta e reduzindo arrasto."
conhecimentos_tecnicos,Por que tanques de combustível de aeronaves geralmente possuem canais de respiro (vents)?,Para permitir que a gasolina aqueça com o sol.,"Para possibilitar a equalização da pressão externa do ar dentro do tanque à medida que o combustível é consumido e evitar a formação de vácuo, que poderia parar o fluxo para o motor.",Para evacuar gases venenosos que se formam nos tubos e poderiam ir pra cabine.,Para facilitar a rápida troca do filtro estático principal durante abastecimento.,1,medium,"Se um tanque fosse totalmente vedado (hermético), à medida que o motor consumisse combustível, um espaço de ar e vácuo se formaria, e a sucção reteria o líquido (como uma seringa tampada). O respiro (vent) admite o ar do ambiente para o tanque."
conhecimentos_tecnicos,"Uma hélice que pode ser posicionada até um ângulo de ataque extremo, de modo que suas pás fiquem quase alinhadas paralelamente ao vento relativo frontal para reduzir arrasto em caso de parada do motor em voo, possui a característica de ser do tipo:",Reversível.,Embandeirável (Feathering propeller).,De passo fixo longo.,Bimetálica sem governadores elétricos.,1,medium,"Nas aeronaves multimotores, se um motor falha, a hélice dele fica girando solta no vento criando arrasto parasita enorme. O sistema de embandeiramento (feather) vira as pás cerca de 90° para que ""cortem"" o vento com o bordo de ataque liso, anulando esse arrasto."
conhecimentos_tecnicos,"A velocidade indicada que fornece o melhor ângulo de subida (ganhar a maior altitude no menor espaço de percurso ou distância horizontal do solo), normalmente usada na decolagem para transpor obstáculos imediatamente após a cabeceira, é designada como:",Vx.,Vy.,Vno.,Vne.,0,medium,"Vx (Best Angle of Climb) resulta na subida mais íngreme, garantindo livrar um obstáculo como árvores no fim da pista em uma curta distância de avanço horizontal."
conhecimentos_tecnicos,"A velocidade que proporciona a melhor razão de subida (ganhar a máxima altitude possível no menor tempo cronometrado possível), geralmente utilizada para o ganho ágil de elevação de cruzeiro, é designada pela sigla:",Vx.,Vy.,Va.,Vle.,1,medium,"Vy (Best Rate of Climb) faz a aeronave ganhar teto de forma rápida e segura no relógio, economizando minutos na subida após os obstáculos estarem todos livres e limpos no caminho."
conhecimentos_tecnicos,"Nos cabos de controle de ailerons e lemes na empenagem, qual a função das roldanas metálicas ou polias instaladas ao longo de toda a rota na estrutura interna?",Gerar eletricidade estática para os rádios VHF na rotação das catracas de freio cego elétrico interno das fuselagens.,Permitir que os tensores de cabos passem em segurança mudando ou fazendo curvar suas direções operacionais pelos caminhos do avião sem sofrer fricção em atrito que os cortariam!,Desativar o rádio altímetro térmico dos fios no cabo de arrasto elástico blindado na asa central sob ventos nas janelas e luzes anticolisão!,Garantir aumento dos esforços por carga reversa tracionadora manual e vibrar manche na velocidade.,1,easy,"As polias ou roldanas guiam suavemente o cabo de aço, redirecionando-o em várias dobras sob cantos e vigas em curvas fechadas sem raspá-lo nas partes de metal afiado garantindo o sistema leve duradouro contra a fricção e desgaste (fraying) no comando liso de operação da aeronave."
conhecimentos_tecnicos,"Em aeronaves com injeção de combustível, não existe um carburador. Como o combustível é admitido no motor?",Por vaporização reversa através do óleo circulante na biela e cárter com ventilação natural.,Por gravidade livre dos tubos pingando em cima da cabeça das aletas em dreno estático das bielas em voos contínuos no rádio termostático elétrico livre sem pressões dos gases quentes no escapamento lateral do eixo de ignição.,"Uma bomba envia o combustível pressurizado a uma unidade controladora, que distribui e o pulveriza em forma contínua pressurizada por injetores (bicos) posicionados no interior exato dos dutos logo à frente da válvula de admissão de cada cilindro.",É aspirado por hélices injetoras internas manuais acopladas na hélice frontal e misturadas por água do gelo.,2,medium,No sistema Fuel Injection as bombas mandam o combustível na linha para um divisor em fluxo; dali tubos enviam pra minúsculos injetores localizados na cabeça das portas de entradas do cilindro que borrifam sob spray fino para ar queima contínua ou pulsada lá dentro com o ar já sendo lá fora comprimido.
conhecimentos_tecnicos,"Ao acionarmos o ""Aquecimento do Tubo de Pitot"", qual a principal ocorrência imediata perceptível que o piloto deve checar nos instrumentos ou relógios do motor da cabine e em terra nos sistemas visuais do seu avião se quiser constatar o seu funcionamento?",Uma fumaça saindo do bordo de ataque e aumento súbito e rápido do RPM motor por conta das reduções no atrito das pás.,Corte nas luzes rotativas na cabine com diminuição drástica no som externo do vento na estrutura geradora dos vácuos no rádio cego elástico e nas bússolas dos polos de freios magnéticos giratórios em vácuo nas asas em mergulho sob o flape estolado térmico limpo lateral de pouso livre e reverso!,"Um aumento leve e perceptível ou rápido de temperatura na haste externa sentida pelo tato no solo (mas não faça em muito quente, pois derrete ou queima mãos) ou o visível pulo na agulha positiva para a carga de consumo medido em descarga ou alta do amperímetro/loadmeter indicando o alto dreno ou consumo instantâneo no aparelho.",Pressurização térmica de vapor da asa esquerda que joga fluidos da água na borracha.,2,medium,O Pitot Heat possui as extremas resistências altas de fio ou tubo metálico geradoras (heat resistor). Ligar o botão ou switch fará seu painel puxar os amperes da bateria notáveis ao longo das indicações na descarga momentânea elétrica (Load Amp) visual das agulhas!
conhecimentos_tecnicos,"A ""velocidade de manobra"" (designada por Va) é crítica em atmosferas pesadas e turbulentas pois se voada naquele número, ela assegura de forma aerodinâmica protetiva estrutural que:",O avião não sofra flúter estático reverso cego de vibrações de voos orbitais termodinâmicos dos pistões rotativos paralelos sem o arrasto da mistura pobre limpa nos magnetos com ignições velozes na mistura dos magnetos de carga cega!,"O piloto ou rajada de vento forte não consigam forçar carga estrutural extrema nas superfícies do comando capazes de quebrar a asa do avião, porque neste ângulo da velocidade o aparelho entrará num ""estol"" amortizado brando natural inercial antes da fuselagem sofrer rupturas com as altas Cargas de G que os ventos exigem contra as asas fixas nas rajadas das descidas repentinas.",Os pássaros fujam no atrito sônico do radar.,Os trens consigam reabastecer nas manobras visuais nos céus limpos termodinâmicos reversos com dreno no duto giroscópio estático.,1,hard,"Ao voar em (ou abaixo de) Va (Maneuvering Speed) numa tormenta ou vento turbulento, as rajadas verticais fortes repentinas que criariam estresse (excesso nos gês) no arame vão primeiramente fazer os ""AOA"" subirem excessivos acima de estol e as asas apenas estolam momentaneamente absorvendo o tranco suave nos mergulhos da gravidade em vez de curvar pra trás rachando os longarinas sob altas forças brutais destrutivas nas velocidades muito grandes onde asa está ancorada em pressão duríssima como ""pedra"" de aço com sustentação absurda excessiva das rajadas súbitas sob velocidade muito acelerada e contínua!"
conhecimentos_tecnicos,Em qual painel visual clássico na aviação o instrumento coordenador se localiza tradicionalmente o velocímetro na padronização básica do painel moderno T (Basic T) do VFR/IFR mundial no voo dos pilotos de avião IFR?,"Sempre no canto extremamente mais à direita embaixo, perto do pé das manetes da mistura de cor azul de rádio VHF na lateral reversa das linhas vermelhas sob ar limpo estático do freio giroscópico reverso do altímetro secundário mecânico lateral!",No painel de disjuntores da cobertura elétrica sob o teto superior do giroscópio do co-piloto ao teto cego sem magnetos das chaves das pontas!,À esquerda e superior na visão na formação em cruz em torno do Horizonte Artificial.,Atrás do encosto de fone ou das luzes vermelhas em baixo do estabilizador de ar.,2,easy,"O ""Basic T"" agrupa os 4 instrumentos vitais IFR num T (Cruz). No meio cima o Horizonte Artificial; Esquerda cima o Velocímetro; Direita Cima o Altímetro e Logo abaixo no Meio do horizonte encontra o Giro Direcional! Isso minimiza a fadiga dos olhos do voo contínuo sem janelas (""scanning instrument cross-check"")."
conhecimentos_tecnicos,"Durante o voo sob gelo nas hélices com tubo degelador químico de fluido alcoólico escoando nela ou resistências das botas elétricas em grandes bimotores as placas quentes de ""De-Ice"" dos bordos (nos aviões equipados certificados anti/de-ice), devem as resistências preferencialmente ser atuadas:",Em modo aleatório visual na reta de pouso.,"Em ""De-Icing"" os painéis só quebram ou racham os crostões grossos se se deixa crescer antes do acionamento na faixa pneumática ou botas em borrachas estourando em pulsos periódicos curtos (nos sistemas Boots expandidos em jatos/piston) em que os gelos grandes acumulem ligeiro na borda do metal ou borracha preta.",Com gasolina e fogo elétrico para as correntes giroscópicas do motor elástico térmico.,Na chave vermelha para explodir e arrancar estatores do arranque elástico magnético de atrito sem os lemes nas caudas da roda do nariz recolhido giroscópico do rádio.,1,medium,"Ao usar as botas pneumáticas de degelo (De-icing pneumatic boots), você deve deixar 1 cm até formar camadas sólidas de gelo de crosta rime em volta e depois soltar a pressão (inflate) inchando que as quebram estilhaçando inteira, senão arrisca ""inflar"" e congelar ou crescer por FORA do ""shape"" inflado das borrachas sem estourá-los eficientemente e criando asas e tubos novos deformados grossos onde as botas já se escondem inócuas não os empurrando por baixo mais do que gelos velhos (Ice Bridging)."
conhecimentos_tecnicos,"Se observarmos visualmente após alguns dias e voos que os rebites nas bordas na parte do estabilizador vertical da deriva num Cessna na fixação de fuselagem perderam tinta nas emendas, com ranhuras em fendas no revestimento com oxidações escuras pretas por atrito entre as chapas dos painéis soltas no voo vibracional térmico. Qual o principal problema mecânico descrito acima em indícios?",Corrosões em lavagem salina da janela superior cega.,Falha ou soltura grave do prendimento do encaixe e fadiga mecânica contínua nas uniões que devem ser reparadas urgentemente e apertadas (Rebites Fumantes / Smoking Rivets).,Somente resíduos de poluição das nuvens carregadas eletromagnéticas que são atraídos naturalmente nas fendas nas pinturas da lateral giroscópica reverso das bússolas cegas de pouso em estol contínuo lateral!,Lamas magnéticas que sobem pelo trem central do giroscópio do amortecedor inferior rotativo livre da bateria mestre em pane de vácuo ou arrastos parasitas do rádio GPS altímetro sem mola e magneto do óleo sintético contínuo.,1,easy,Rebites fumantes mostram que as superfícies ali têm jogos e vibram roçando uns nas outras sob estresse ou as fadigas em manobras repetitivas soltando pós e as sujeiras das frestas do alumínio corroído em forma de fumaça cinzenta/preta nas chapas unidas e rebitadas. Risco muito alto estrutural grave e inspeções profundas devem rolar na célula e nas manutenções pesadas e na raiz ou estopim disto.
conhecimentos_tecnicos,"Quando uma aeronave apresenta falha com o gerador e você opera na bateria apenas, a principal razão contínua primária para se declarar urgências ou evitar os consumos altos em IFR é por causa que:",Pois seu giroscópio movido a vácuo nas asas apagará na mesma sequência com estol lateral magnético nos rádios elásticos magnéticos cegos de venturi de ar ralo estático invertido nas baterias alternadas térmicas da vela limpa!,"O alternador/gerador inoperante significa que nenhum tipo ou parte de eletricidade será mais criado por energia de motor ali e a bateria tem, em uso contínuo (bomba elétrica, rádio ou os faróis acesos em chuvas nas nuvens e nos flapes elétricos e transponder ou trem retrátil que demandam altíssima e violenta descarga do 12 ou 24v) e ela irá se gastar num curto prazo zerando totalmente toda reserva nela acumulada de forma a apagá-las em torno dos minutos nos piores do céu!",Causará aumento térmico radiativo e estourará os fluidos químicos de refrigeração magnética rotativos giratório da bequilha central livre com rádio GPS nas janelas cegas reversas do motor térmico reverso!,Por conta dos radares com giros mecânicos da cauda de passo fixo reverso.,1,medium,"Baterias em modo descarrega sem um recarregador são um abismo contínuo até se consumir. Com todos disjuntores da carga a bordo ela cai nas faixas dos limites nos 30 a curtos de 40 e rápidos de 20 minutos apenas no limite dos esgotamentos. Por isso é crucial nos procedimentos em avião pequeno voando por aparelhos e os aviônicos a noite que se desliga ou diminui ""Shed Loads"" o rádio e farol fúteis, reservando força prós flapes na hora final pra poder usar transceptor, luz na cabine em emergência vital e aterrisar rapidamente!"
conhecimentos_tecnicos,"A bússola magnética tem ""desvios"", os quais são causados pelo ambiente magnético natural gerado no avião em sua própria arquitetura do voo (rádios e relés ou tubos em fiações ligadas dos motores). Como compensamos ou ajustamos ou eliminamos o máximo desses pequenos campos aéreos na bolha contínua do voo?",Aplicando fitas cegas refletoras no rádio altímetro lateral do gerador em estator de magneto da mola inferior sem engrenagem cega lateral no flape com giros rotativos e elástico cego magnético do leme giroscópico reverso da cauda estática livre e alternada contínua.,Através de uso de magnetos do magneto do dreno nas chaves contínuas do estol magnético.,"Por mecânicos especialistas girando em pequenas roscas ou imãs minusculamente alojados dentro ou junto nas bases compensatórias das bússolas (""compensadores"" de parafusos E/W N/S) para alinhar nas rampas demarcadas (rosa dos ventos) em que formam ao fim das correções as tabelas preenchidas pelo técnico de leitura do cartão desvio (Compass Deviation Card).",Através das luzes ou com esticadores pneumáticos de lemes reversos térmicos contínuos em estol guiado cego do vácuo térmico alternado.,2,easy,"A cada manobra elétrica num avião ele gera as ondas parasitas. Usa-se pequenos imãs nas caixas de fenda ao fundo do globo (E-W e N-S adjust screws) nas bússolas pra contra-atacar esses pequenos campos nas visadas de táxis alinhando os norte reais. Mas nem sempre tudo é passível da correção, restando 1 ou 2 graus fora e os marcando sempre anotados numa ficha com clipe nos painéis de vidro ao lado ""Para o Norte (360) voe Rumo Magnético 002!""."
conhecimentos_tecnicos,"Nos trens e as aeronaves pesadas e leves retráteis que entram ou ""somem"" ao esticar flapes (Retractable Gears). Uma válvula acionada eletricamente ou os fluidos pressurizados as recolhe e com engates são travadas dentro (Uplocks). Em caso extremo contínuo emergencial elétrico (onde perdem carga total cega em bateria), a redundância contínua ou sistema da frota nos emergências na liberação destas as fazem normalmente a liberação do fechamento descendo aos aeroportos:",Explodindo painel termostático no rádio cego giroscópio térmico com vácuo pneumático reverso elástico magnético de estol no flape reverso da mistura cega rotativo livre.,"Por um sistema em queda livre por emergência sob ""soltura dos Pinos em alavancas de bomba hidráulica manuais de emergência mecânicas dos pisos nas poltronas no qual atuam nos travamentos pesados com a ação mecânica da pura gravidade e do arrasto aerodinâmico caindo por seu próprio enorme peso e sendo forçado ao encaixe nas trancas e do down-lock e de mola sem elétrica ou do sistema mestre para descer!""",Elas ficam presas no voo reverso em mergulhos da barriga em rampa térmica do reverso rotativo blindado de passo em estol estático ou do painel elástico cego lateral da hélice em passo reverso do magnetismo na engrenagem limpa do dreno termostático!,Buscando voar de cabeça para baixo rolando nos rolamentos dos estatores termostáticos no horizonte cego em painel invertido reverso térmico magnético!,1,medium,"Todo o sistema de trem retrátil tem que e possui backup em caso dos elétricos ou hidráulicos pifarem. A alavanca, bomba manual (Manual Gear Extension Pump) ou soltadores da gravidade manual mecânicos na porta cortam pressão e pinos dos up-locks nos aviões onde deixam a enorme perna de ferro caindo sozinha (free-fall) onde com socos do ar do próprio e as molas do avião no vento arrasto forte empurra a trava as posições duras da ""tranca"" rígida armada final a sua verde indicação Down e Locked acesa!"
conhecimentos_tecnicos,O que o dispositivo de proteção de ar de impacto na entrada das asas na base das tomadas que formam som ou acendem painéis apitos no cume da sustentação das asas chamados os alarmes de Stall Warning Horns fazem em aviões como num procedimento preventivo nos aviões e trens de pouso contínuos:,Ativam e dão alertas sonoros gritantes do painel na cabine quando o ângulo de ataque de sustentação das asas estiver muito e extremamente perto ao do rompimento (do perigoso e estol profundo) geralmente operando avisos com segurança entre margens marginais seguras com 5 ou a curtos 10 nós do próprio despencar da asa ou limite das velocidades e voos estolantes para os avisos no ar.,Apita cego rotativo sem a luz magnética no tubo giroscópio em rádio térmico alternado.,Apita apenas do solo das manobras com luz verde magnética de dreno nos estatores de faróis do rádio elástico de venturi das bússolas elásticas.,Tocam sinos giroscópios do vácuo das manetes do reverso no freio do estol em giroscópio do rádio elástico térmico rotativo do flape de rolagem parasita giroscópio de rádio magnético.,0,easy,"No bordo (Lead edge) dessas asas existe palhetas minúsculas e dutos apitos em flautas em furos. Quando o ângulo da cara ao fluxo frontal ""Attack"" (AOA) do avião começa a cruzar perigosos níveis altíssimos e a ar que corria no bico pra baixo se desprender e vir parar num tubo da boca onde vira pra parte por baixo para subir pelo furo (no ângulo máximo crítico extremo do pré estol), o alarme elétrico dispara (switch contatado mecânico da palheta flutuante na entrada ou apito sugador em vácuo) salvando e avisando para empurrar logo os narizes do manche!"
conhecimentos_tecnicos,A aeronáutica em manutenção das baterias das chumbo ácidas convencionais mais velhas de manutenções em bancadas utilizam nos reparos o aditivo líquido nos níveis e vasos no limite marcados se as soluções na temperatura ambiente estancada de placa do dreno magnético ferverem sumindo nos reservatórios?,Somente Óleos da biela mecânica ou solvente dos magnetos térmicos de vácuo magnético reverso no giro cego estático contínuo.,Apenas a Água Destilada limpa desmineralizada.,As correntes de dreno de rádio elástico térmico.,Fluidos da ventilação reverso elástico da manete termostático de flapes com rádio estol estático magnético giroscópico livre.,1,easy,"Nos acumuladores baterias chumbo-ácidos as águas se volatilizam evaporando quando aquecidas nas reações térmicas quentes eletrolíticas das descargas grandes contínuas nas recargas das rampas. Mas nas reposições se deve recolocar com o limite das linhas as Águas Destiladas no limite, e jamais qualquer os demais líquidos com minerais da torneiras que calcificariam com a fuligem curto em placa a bateria pifando-as definitivamente."
conhecimentos_tecnicos,"Durante o voo noturno sob forte tempo, raios e tempestade visual elétrica ou atrito das pontas de asas a energia das nuvens se amontoam em toda pele de fora e carenagens isoladas em voltagens estratosféricas nos metais carregados (estáticas e rádio magnéticas) como ela é e dissipa dessas aeronaves as tempestades com as proteções do sistema para proteger o transceptor VHF a não sofrerem ou cegarem em ""white-noises""?",No dreno elástico com a manete cega do estol no passo giratório alternado contínuo reverso magnético na bússola giroscópio elástico.,"Através dos ""Descarregadores de Estática"" (Static Dischargers ou Wicks). Aqueles pequenos tufos ou filetes de ponta metálica ou grafite como fios de algodão amarrados espetados ou montados pendurados para trás fixados e rebitados no próprio bordo final posterior fugas e empenagens traseiras das extremidades isoladas para jogar no espaço ralo do espaço essas correntes concentradas fora antes das descargas pularem os reles ou fones gerando e zunindo sons estáticos enormes ruidosos e cegarem no ouvido o piloto ou as comunicações elétricas.",Nos para-brisas em vácuo no relógio de flapes das baterias magnético rotativo do estator térmico alternado.,No trem central com flapes nos estatos giroscópios rotativos do ar cego elástico magnético de vácuo.,1,medium,"A estática que é gerada ali com arrastos contínuos atritos do avião rasgando ou batendo neve (precipitation static) corre para as ""pontas das fuselagens isoladas"" (wingtips e caudas das asas) nos cantos, e onde pularia como raio aos fones ruidosos nos painéis e rádio das antenas se a energia em campo das descargas no bordo das finas ""vassouras de escovas condutivas finas e cegas de para-raios"" espalhados ao ar ali no trailing edge nas pontas fugas de asas da deriva atrás onde sangrariam descarregando limpas na baixa carga sem barulho elétrico!"
conhecimentos_tecnicos,"As faixas ou os famosos pequenos ""Geradores de Vórtice"" (Vortex Generators) espalhados geralmente nas frentes do bordo nas asas maiores, nas pontas ou fendas de leme como um pequeno dente penteado grudados com fita ou rebite ao ar servem mecanicamente a que propósito notável funcional aerodinâmico visível nas aeronaves grandes?",Serve a prender os ventos no giroscópio de vácuo rotativo contínuo sem rádio magnético estático alternado nos flapes das baterias da bússola giroscópico do rádio.,"A energia nos arrastos deles puxam pequenas molas quebram as massas do ar induzido e os canalizam e forçam ativamente com um minúsculo furacão em espiral violenta mas pequena das linhas, criando turbilhonamentos na fina camada de contato dos metais e misturam a alta energia re-energizando os fluídos na ""camada limite"" grudada ou aderida ativamente a asa sobre a mesma, não a deixando desgarrar nos perfis nas traseiras lentas por onde retarda violentamente o estol e permitindo comandos eficientes mais lentos no ar ralo até as atitudes mais lentas que sem eles fariam as asas descolar rápido caindo perigosamente o avião em blocos mortos!",Causar um assobio giroscópico contínuo na mola rotativa termostático elástico no relógio cego rádio térmico.,Freiam os reversos das baterias do tubo da tomada estática nos magnetos do motor estático de passo giroscópio térmico.,1,hard,"As chapinhas tortinhas minúsculas e feias ao longo da asa e cauda são os heróis aerodinâmicos, produzem de propósito minúsculos rolos vórtices (furacõezinhos no ar limpo), pra misturar vento de fora forte superior e o fluxo mais colado na chapa (camada limite fina) que estava perdendo energia ao subir a curvatura. Energizado pela camada as lâminas grossas das chapas traseiras nas caldas empurram as forças atrás contínuo mais suave sem despencar no ""Stall"". E isso faz as superfícies da aleta e flapes de profundor continuarem comandáveis na lentidão e baixa RPM sob estabilidade onde não teríamos sem os rolos arrastando as finas bolhas de descolamento de ar limpo fora!"
conhecimentos_tecnicos,"A ""pressão dinâmica"" do ar de entrada da aeronave serve também num motor aeronáutico como grande componente contínua vital num item sem a qual derreteríamos os cabeçotes do voo aéreo sem uso nos sistemas simples dos pistões contínuo. Ela produz e entra pela carenagem em uso forçado dos fluxos direcionados num sistema cego passivo, qual o nome contínuo básico de refrigeração forçada que chamamos de entrada nos sistemas que canalizam o ar no motor sobre o bloco para as suas aletas internas sem radiadores de líquido nos Cessna?",Sistema Cego Reverso Estático a Vácuo Térmico de Flapes sem alternador nos trens em voo térmico reverso!,Vaporização por magneto rádio cego giroscópico alternado.,"Arrefecimento mecânico direto do Ar Limpo nos pistões guiados e direcionado na pressão mecânica em defletores ou chapas e placas chamadas de ""Baffles"", selos flexíveis que bloqueiam caminhos vadios sem função obrigando as grossas toneladas fortes ou massas velozes de ventos gelados da frente passarem unicamente, através apenas e obrigatoriamente forçados entre e nas mínimas aletas nos cilindros em bloco antes de sair quente embaixo dos motores.",Sistema giroscópico rádio estol da mistura pneumático reverso magnético na bomba termostática das polias nos estatos térmico da asa de bateria!,2,easy,"Sem as Baffles (as aletas e placas tortas montadas cobrindo nos cilindros dentro e os selos/borrachas laranjas macias fechadas nas tampas carenagens) que guiam perfeitamente esse ar que engole pelas imensas aberturas em narizes no ""Cowling"", as correntes do vento achariam o modo frouxo saindo fácil pelas bordas do motor geladas e nunca arrefeceria/passariam cruzando fortemente os vãos espessos fininhos apertados quentes com calor extremo a mais de graus entre as paredes curtas nos pistões derretendo num voo! Pressão alta em cima pressiona com Baffle pelas minúsculas aletas forçando baixar com dreno térmico perfeito!"
conhecimentos_tecnicos,"Os botões de PTT (Push-To-Talk) normalmente afixados ao volante do manche frontal de voo em ambos os lugares dos rádios tem o circuito do rádio ou intercom elétrico com as cabines, sendo ele um:",Freio aerodinâmico cego mecânico da roda em passo da bússola em estol rádio estático contínuo rotativo.,Dreno mecânico giroscópio do rádio elástico de bateria rotativo cego magnético alternado estol de flape no voo giroscópio do tubo reverso magnético da cauda.,Botão pulsador momentâneo transmissor aéreo das baterias mecânicas em térmico rotativo magnético pneumático rádio de flape em magneto vácuo do trem elástico magnético de vácuo alternado.,"Microswitch ou chaves simples elétricas integradas que no clique (contato em fechado) em fios abertos ligam o microfone nas transmissões da energia emitindo a portadora na alta frequência, fechado contato com um relê ao VHF do painel.",3,easy,PTT fecha o circuito de terra contínuo com os rádios de comunicação para as torres com antena na externa ou aos painéis (Intercom isolados) permitindo sem tirar e usar o próprio rádio as mãos soltando num controle de emergências a manobra nos contatos e os comunicadores de viva voz das máscaras diretos ao fone de forma imediata contínua.
conhecimentos_tecnicos,Para decolagem noturna com segurança o avião na aviação de linha da frota tem nos procedimentos os controles iluminados internamente mas qual as chamadas e o posicionamento contínuo exterior nas luzes essenciais mínimas aos regulamentos visuais obrigatórios com código verde giroscópico do rádio de cor?,Amarelo no manche da asa do rádio elástico térmico rotativo giroscópio de freio.,Azul e branco mecânico estol de flapes nos giroscópios magnético rotativo do rádio de vácuo termostático cego alternado.,"A obrigatoriedade exige as Luzes de Navegação posições (Luz Vermelha estática contínua na Ponta da Asa Esquerda contínua, Luz Verde estática na direita ponta, e Branca contínua traseira sem pulsar no cone traseiro) para reconhecimento nas direções espaciais a bordo contínuas, e Anti-colisões Strobes/Beacon no giro vermelho/branco que apitam nas visões no alcance longas das posições das aproximações.",Cinza reverso na cauda e prata em roxo estático de voo da bateria pneumático rotativo giroscópio das manetes termostáticos de dreno estol!,2,easy,"Posicionamento (Verde Direita, Vermelho Esquerda ""do Piloto Esquerdo é sangue no Coração"" e Branca Atrás das caudais livres). Anti Colisão das pontas (brancas flashes strobes cegantes) nas asas extremas na noite para ver 10 milhas a sua aproximação no raio cruzado sem se assustar! Essenciais para regras VFR noturnos além dos Pousos Taxing Landings ligadas se na movimentação."
conhecimentos_tecnicos,Qual destas opções não é considerado um instrumento estático primário:,Altímetro,Climb,Velocímetro,Giro Direcional,3,easy,"O Giro Direcional é um instrumento giroscópico operado a vácuo, não depende do sistema pitot-estático."
conhecimentos_tecnicos,No que consiste a detonação?,Aumento da potência por compressão excessiva,Combustão prematura da mistura ar/combustível.,Queima da mistura remanescente na câmara de forma descontrolada e explosiva.,Ignição da mistura no escapamento.,2,medium,"Detonação é a explosão da mistura não queimada, diferindo da pré-ignição que é a queima antecipada por um ponto quente."
conhecimentos_tecnicos,O compensador (trim) da aeronave é utilizado na pilotagem primária para:,Controlar o leme de direção durante o táxi.,Aliviar as pressões do piloto nos comandos primários durante o voo.,Sincronizar magnetos com o distribuidor.,Aquecer a cabine.,1,easy,O trim tab é usado para manter a atitude desejada sem que o piloto precise aplicar força constante no manche ou pedais.
conhecimentos_tecnicos,A asa de um avião possui uma curvatura superior que é:,"O intradorso, que tem maior pressão.","O extradorso, que tem menor pressão (segundo Bernoulli) gerando sustentação.",O bordo de ataque.,O bordo de fuga.,1,easy,"O extradorso (parte superior da asa) apresenta um aumento na velocidade do ar, o que segundo Bernoulli reduz a pressão e gera sustentação."
conhecimentos_tecnicos,Uma falha no tubo de Pitot deixará sem indicação correta apenas o(s):,Altímetro,Velocímetro,Variômetro (VSI),Giro Direcional,1,easy,Somente o velocímetro utiliza a tomada de pressão dinâmica (Pitot) para funcionar.
conhecimentos_tecnicos,"A bomba elétrica auxiliar de combustível (""Boost Pump"") é ativada em quais situações na maioria das aeronaves?",Durante todo o voo de cruzeiro,Exclusivamente no solo durante o abastecimento,"Partida, decolagem, pouso e caso haja falha da bomba mecânica principal.",Apenas quando o óleo atinge alta temperatura,2,medium,A bomba auxiliar (elétrica) é uma redundância usada em fases críticas (decolagem/pouso) e para suprir combustível na partida ou pane mecânica.
conhecimentos_tecnicos,Os magnetos são essenciais para o voo de um motor a pistão pois:,Carregam a bateria continuamente em voo,Fornecem alta voltagem para as velas de ignição independentemente do sistema elétrico (bateria/alternador).,Controlam o passo da hélice,Bombeiam combustível,1,easy,"Os magnetos são geradores independentes. Mesmo com uma pane elétrica total, o motor continuará funcionando."
conhecimentos_tecnicos,O que mede o manômetro de pressão de óleo?,Temperatura do óleo no cárter,Pressão da linha que envia o óleo para as galerias de lubrificação do motor.,Quantidade total de óleo,Pressão atmosférica no radiador,1,easy,O manômetro de pressão indica se a bomba está mandando óleo com força suficiente para as partes móveis.
conhecimentos_tecnicos,"Quando empobrecemos a mistura de ar/combustível em cruzeiro de alta altitude, o objetivo é:",Evitar o congelamento do combustível.,"Manter a proporção ideal entre a massa de ar (que é mais rarefeito em altitude) e a de combustível, otimizando o consumo e a performance.",Esfriar os cilindros.,Parar o funcionamento de um magneto.,1,medium,"Como o ar fica rarefeito, há menos oxigênio por volume. Reduz-se o combustível para manter a mistura estequiométrica (ou de pico de performance)."
conhecimentos_tecnicos,O instrumento que indica a razão de giro do virabrequim do motor em Rotações Por Minuto é o:,Velocímetro,Altímetro,Manômetro,Tacômetro (RPM),3,easy,O tacômetro mede a RPM do motor (e consequentemente da hélice em sistemas diretos).